text,score
ğŸ¬ no pierdas tu tiempo,0
ğŸ˜­ infumable,0
no pierdas tu tiempo,0
no pierdas tu tiempo de verdad,0
ğŸ˜ infumable,0
basura total,0
ni gratis la veo,0
pÃ©sima posta,0
de lo peor en serio,0
ğŸ’© no pierdas tu tiempo,0
aburridÃ­sima,0
basura total,0
ğŸ¬ de lo peor,0
dolor de ojos,0
infumable posta,0
pÃ©sima,0
no pierdas tu tiempo,0
ğŸ¬ aburridÃ­sima,0
infumable,0
no pierdas tu tiempo demasiado,0
ğŸ˜´ infumable,0
pÃ©sima,0
ğŸ¬ ni gratis la veo,0
ğŸ’© basura total,0
aburridÃ­sima mucho,0
ğŸ˜´ aburridÃ­sima,0
de lo peor,0
ğŸ”¥ horrible,0
ni gratis la veo,0
de lo peor,0
infumable mal,0
no pierdas tu tiempo,0
horrible,0
de lo peor,0
dolor de ojos,0
ni gratis la veo demasiado,0
no pierdas tu tiempo,0
pÃ©sima,0
pÃ©sima,0
pÃ©sima,0
ni gratis la veo,0
pÃ©sima,0
ğŸ”¥ infumable,0
ni gratis la veo,0
basura total,0
no pierdas tu tiempo,0
ğŸ”¥ pÃ©sima,0
dolor de ojos mal,0
no pierdas tu tiempo,0
ğŸ˜´ horrible,0
ğŸ˜ ni gratis la veo,0
dolor de ojos mucho,0
infumable,0
aburridÃ­sima,0
ğŸ’© no pierdas tu tiempo,0
ğŸ˜ aburridÃ­sima,0
infumable demasiado,0
ğŸ’© basura total,0
ğŸ”¥ aburridÃ­sima,0
pÃ©sima posta,0
dolor de ojos mal,0
ğŸ’© de lo peor,0
de lo peor,0
basura total,0
ğŸ˜­ no pierdas tu tiempo,0
aburridÃ­sima posta,0
infumable posta,0
pÃ©sima,0
no pierdas tu tiempo,0
ğŸ˜­ ni gratis la veo,0
ni gratis la veo,0
ğŸ˜´ infumable,0
ğŸ˜´ me dormÃ­,0
ğŸ’© basura total,0
ğŸ˜´ de lo peor,0
pÃ©sima,0
ni gratis la veo,0
ğŸ’© infumable,0
dolor de ojos en serio,0
ğŸ˜´ basura total,0
ni gratis la veo,0
basura total posta,0
no pierdas tu tiempo,0
infumable,0
ğŸ˜ dolor de ojos,0
basura total,0
dolor de ojos,0
ğŸ˜­ pÃ©sima,0
ğŸ˜´ aburridÃ­sima,0
horrible en serio,0
ğŸ˜ no pierdas tu tiempo,0
dolor de ojos posta,0
ğŸ¬ ni gratis la veo,0
no pierdas tu tiempo,0
horrible,0
pÃ©sima,0
ğŸ˜ ni gratis la veo,0
pÃ©sima posta,0
ğŸ’© pÃ©sima,0
ğŸ¬ ni gratis la veo,0
ğŸ¬ dolor de ojos,0
infumable,0
ni gratis la veo,0
ğŸ˜´ basura total,0
ğŸ¬ pÃ©sima,0
horrible demasiado,0
me dormÃ­,0
ğŸ˜­ basura total,0
horrible,0
dolor de ojos,0
basura total,0
basura total posta,0
no pierdas tu tiempo,0
de lo peor,0
infumable,0
horrible demasiado,0
aburridÃ­sima,0
ğŸ˜­ infumable,0
no pierdas tu tiempo mal,0
ğŸ˜´ infumable,0
aburridÃ­sima,0
ğŸ˜­ infumable,0
infumable de verdad,0
pÃ©sima,0
ni gratis la veo en serio,0
horrible,0
ğŸ˜´ basura total,0
aburridÃ­sima,0
dolor de ojos mucho,0
ğŸ˜­ infumable,0
ğŸ˜ de lo peor,0
infumable demasiado,0
aburridÃ­sima,0
no pierdas tu tiempo,0
pÃ©sima,0
pÃ©sima demasiado,0
de lo peor,0
dolor de ojos,0
basura total mucho,0
dolor de ojos,0
me dormÃ­,0
horrible demasiado,0
dolor de ojos,0
infumable posta,0
ğŸ”¥ horrible,0
me dormÃ­,0
me dormÃ­,0
infumable,0
ğŸ˜­ de lo peor,0
basura total,0
no pierdas tu tiempo demasiado,0
ni gratis la veo,0
no pierdas tu tiempo,0
ni gratis la veo,0
me dormÃ­,0
ni gratis la veo,0
me dormÃ­,0
me dormÃ­,0
pÃ©sima,0
ğŸ’© infumable,0
ğŸ¬ pÃ©sima,0
aburridÃ­sima posta,0
infumable posta,0
no pierdas tu tiempo,0
me dormÃ­ mal,0
de lo peor,0
basura total,0
de lo peor,0
pÃ©sima,0
de lo peor,0
dolor de ojos,0
pÃ©sima en serio,0
de lo peor,0
horrible,0
de lo peor,0
no pierdas tu tiempo mal,0
ğŸ˜´ horrible,0
ğŸ¬ aburridÃ­sima,0
aburridÃ­sima,0
ğŸ’© de lo peor,0
ğŸ˜ me dormÃ­,0
basura total,0
no pierdas tu tiempo,0
basura total de verdad,0
ğŸ”¥ dolor de ojos,0
me dormÃ­,0
infumable en serio,0
horrible,0
no pierdas tu tiempo en serio,0
no pierdas tu tiempo,0
dolor de ojos,0
de lo peor mucho,0
ğŸ¬ infumable,0
dolor de ojos,0
dolor de ojos,0
de lo peor demasiado,0
ğŸ˜´ aburridÃ­sima,0
ğŸ¬ me dormÃ­,0
me dormÃ­,0
ni gratis la veo mucho,0
me dormÃ­,0
ğŸ”¥ dolor de ojos,0
ğŸ˜´ no pierdas tu tiempo,0
infumable,0
de lo peor,0
ğŸ”¥ aburridÃ­sima,0
aburridÃ­sima,0
dolor de ojos de verdad,0
ni gratis la veo demasiado,0
de lo peor,0
me dormÃ­,0
ğŸ”¥ basura total,0
de lo peor,0
dolor de ojos,0
aburridÃ­sima,0
aburridÃ­sima,0
ğŸ’© pÃ©sima,0
infumable,0
ğŸ˜­ horrible,0
ğŸ˜ me dormÃ­,0
ni gratis la veo,0
ğŸ¬ infumable,0
horrible,0
ğŸ’© horrible,0
ğŸ”¥ ni gratis la veo,0
ğŸ’© me dormÃ­,0
ğŸ˜´ dolor de ojos,0
me dormÃ­,0
pÃ©sima,0
no pierdas tu tiempo demasiado,0
ğŸ˜ basura total,0
ğŸ”¥ pÃ©sima,0
no pierdas tu tiempo,0
dolor de ojos mucho,0
de lo peor,0
dolor de ojos,0
ğŸ˜­ dolor de ojos,0
no pierdas tu tiempo posta,0
pÃ©sima posta,0
ğŸ’© ni gratis la veo,0
de lo peor,0
ğŸ¬ pÃ©sima,0
pÃ©sima,0
infumable,0
dolor de ojos,0
ğŸ”¥ de lo peor,0
horrible,0
ğŸ¬ no pierdas tu tiempo,0
dolor de ojos,0
pÃ©sima,0
pÃ©sima,0
ni gratis la veo,0
ğŸ˜´ dolor de ojos,0
aburridÃ­sima posta,0
dolor de ojos demasiado,0
pÃ©sima,0
horrible,0
ğŸ˜ pÃ©sima,0
de lo peor,0
no pierdas tu tiempo,0
aburridÃ­sima,0
aburridÃ­sima,0
de lo peor,0
ğŸ¬ me dormÃ­,0
ğŸ˜´ aburridÃ­sima,0
ni gratis la veo mucho,0
me dormÃ­ en serio,0
dolor de ojos,0
ğŸ˜ basura total,0
horrible,0
ğŸ˜­ me dormÃ­,0
dolor de ojos,0
pÃ©sima,0
ğŸ’© no pierdas tu tiempo,0
me dormÃ­,0
horrible,0
ni gratis la veo,0
me dormÃ­ mucho,0
horrible,0
ni gratis la veo de verdad,0
pÃ©sima,0
aburridÃ­sima,0
ğŸ¬ basura total,0
dolor de ojos,0
horrible,0
aburridÃ­sima,0
me dormÃ­,0
infumable mal,0
basura total,0
de lo peor,0
horrible mucho,0
dolor de ojos mal,0
no pierdas tu tiempo,0
horrible,0
ğŸ¬ horrible,0
aburridÃ­sima,0
no pierdas tu tiempo,0
ni gratis la veo,0
me dormÃ­ de verdad,0
infumable,0
infumable,0
no pierdas tu tiempo,0
no pierdas tu tiempo,0
ğŸ’© basura total,0
pÃ©sima,0
infumable,0
ğŸ’© horrible,0
dolor de ojos,0
infumable,0
infumable en serio,0
basura total,0
pÃ©sima mal,0
aburridÃ­sima mal,0
pÃ©sima,0
de lo peor mal,0
dolor de ojos demasiado,0
ğŸ˜­ pÃ©sima,0
ğŸ˜ de lo peor,0
basura total,0
pÃ©sima en serio,0
infumable,0
horrible,0
basura total,0
dolor de ojos en serio,0
aburridÃ­sima posta,0
ni gratis la veo,0
ni gratis la veo,0
pÃ©sima,0
pÃ©sima,0
no pierdas tu tiempo posta,0
de lo peor,0
ğŸ˜´ aburridÃ­sima,0
ğŸ’© basura total,0
me dormÃ­,0
pÃ©sima,0
ğŸ”¥ aburridÃ­sima,0
ğŸ˜ me dormÃ­,0
aburridÃ­sima de verdad,0
me dormÃ­,0
ğŸ’© de lo peor,0
basura total,0
ğŸ˜ no pierdas tu tiempo,0
horrible,0
ni gratis la veo,0
horrible,0
me dormÃ­,0
ğŸ¬ pÃ©sima,0
infumable,0
ğŸ˜­ aburridÃ­sima,0
aburridÃ­sima,0
ğŸ¬ aburridÃ­sima,0
infumable,0
ğŸ”¥ me dormÃ­,0
dolor de ojos en serio,0
infumable,0
ğŸ˜ infumable,0
infumable,0
infumable mucho,0
ğŸ”¥ basura total,0
horrible,0
no pierdas tu tiempo de verdad,0
aburridÃ­sima en serio,0
ğŸ’© basura total,0
horrible,0
no pierdas tu tiempo,0
ni gratis la veo,0
infumable demasiado,0
ni gratis la veo,0
ğŸ˜´ basura total,0
de lo peor demasiado,0
ğŸ’© me dormÃ­,0
aburridÃ­sima en serio,0
dolor de ojos,0
aburridÃ­sima,0
pÃ©sima,0
no pierdas tu tiempo demasiado,0
ni gratis la veo mal,0
infumable,0
de lo peor mal,0
aburridÃ­sima,0
horrible,0
no pierdas tu tiempo de verdad,0
aburridÃ­sima,0
dolor de ojos,0
no pierdas tu tiempo,0
de lo peor,0
pÃ©sima,0
dolor de ojos mal,0
infumable,0
ni gratis la veo,0
ğŸ˜´ dolor de ojos,0
ni gratis la veo,0
dolor de ojos,0
dolor de ojos,0
ğŸ¬ pÃ©sima,0
pÃ©sima,0
horrible,0
ğŸ˜­ de lo peor,0
ğŸ˜ basura total,0
infumable,0
horrible,0
dolor de ojos,0
ğŸ˜ horrible,0
basura total demasiado,0
de lo peor,0
ğŸ˜ pÃ©sima,0
no pierdas tu tiempo demasiado,0
dolor de ojos,0
ğŸ˜ basura total,0
ğŸ¬ basura total,0
infumable,0
pÃ©sima demasiado,0
ğŸ˜´ de lo peor,0
ni gratis la veo,0
ğŸ˜­ aburridÃ­sima,0
basura total,0
no pierdas tu tiempo,0
dolor de ojos,0
ğŸ’© pÃ©sima,0
ğŸ˜ aburridÃ­sima,0
me dormÃ­,0
no pierdas tu tiempo mal,0
dolor de ojos en serio,0
ğŸ”¥ aburridÃ­sima,0
no pierdas tu tiempo mucho,0
infumable,0
ğŸ”¥ horrible,0
ğŸ˜ pÃ©sima,0
horrible,0
horrible,0
me dormÃ­,0
me dormÃ­,0
dolor de ojos,0
ğŸ’© aburridÃ­sima,0
me dormÃ­,0
pÃ©sima,0
no pierdas tu tiempo,0
basura total demasiado,0
no pierdas tu tiempo,0
me dormÃ­,0
basura total,0
infumable,0
horrible,0
aburridÃ­sima demasiado,0
ğŸ˜­ horrible,0
me dormÃ­,0
ğŸ¬ dolor de ojos,0
pÃ©sima,0
ğŸ˜­ dolor de ojos,0
ğŸ’© aburridÃ­sima,0
ni gratis la veo demasiado,0
dolor de ojos,0
dolor de ojos,0
pÃ©sima,0
ğŸ˜­ de lo peor,0
no pierdas tu tiempo,0
aburridÃ­sima,0
ğŸ˜­ ni gratis la veo,0
de lo peor en serio,0
horrible,0
ğŸ”¥ me dormÃ­,0
ğŸ’© horrible,0
ni gratis la veo,0
ğŸ¬ ni gratis la veo,0
ğŸ˜´ dolor de ojos,0
ğŸ˜­ horrible,0
dolor de ojos mal,0
basura total,0
infumable,0
ğŸ”¥ me dormÃ­,0
pÃ©sima,0
infumable,0
me dormÃ­ mal,0
ni gratis la veo,0
infumable en serio,0
basura total,0
ni gratis la veo,0
ni gratis la veo posta,0
pÃ©sima,0
ğŸ”¥ de lo peor,0
me dormÃ­,0
ğŸ˜ de lo peor,0
ğŸ’© aburridÃ­sima,0
ğŸ¬ aburridÃ­sima,0
no pierdas tu tiempo,0
ğŸ¬ horrible,0
me dormÃ­ demasiado,0
me dormÃ­ de verdad,0
ğŸ”¥ basura total,0
ni gratis la veo,0
ğŸ¬ de lo peor,0
infumable mal,0
dolor de ojos mal,0
dolor de ojos,0
ğŸ”¥ dolor de ojos,0
pÃ©sima,0
infumable demasiado,0
no pierdas tu tiempo,0
ni gratis la veo,0
ni gratis la veo,0
ğŸ˜´ me dormÃ­,0
ğŸ’© aburridÃ­sima,0
aburridÃ­sima,0
no pierdas tu tiempo,0
ğŸ¬ aburridÃ­sima,0
ni gratis la veo,0
me dormÃ­,0
horrible mal,0
ğŸ’© basura total,0
infumable,0
pÃ©sima,0
ni gratis la veo demasiado,0
ğŸ’© infumable,0
ğŸ¬ aburridÃ­sima,0
de lo peor,0
de lo peor demasiado,0
me dormÃ­,0
pÃ©sima,0
no pierdas tu tiempo,0
horrible,0
no pierdas tu tiempo mal,0
dolor de ojos mal,0
aburridÃ­sima,0
aburridÃ­sima,0
ğŸ˜­ basura total,0
de lo peor,0
horrible mucho,0
ğŸ’© me dormÃ­,0
infumable,0
de lo peor posta,0
me dormÃ­,0
no pierdas tu tiempo,0
de lo peor de verdad,0
basura total,0
de lo peor en serio,0
ğŸ˜ me dormÃ­,0
pÃ©sima,0
ğŸ’© infumable,0
ğŸ˜­ me dormÃ­,0
me dormÃ­,0
aburridÃ­sima,0
ni gratis la veo,0
horrible,0
horrible,0
no pierdas tu tiempo,0
infumable mucho,0
dolor de ojos,0
ğŸ’© ni gratis la veo,0
no pierdas tu tiempo,0
me dormÃ­,0
ğŸ¬ dolor de ojos,0
no pierdas tu tiempo,0
ğŸ˜ aburridÃ­sima,0
ğŸ”¥ dolor de ojos,0
de lo peor,0
no pierdas tu tiempo,0
horrible,0
aburridÃ­sima,0
pÃ©sima demasiado,0
ğŸ˜­ ni gratis la veo,0
pÃ©sima demasiado,0
horrible,0
horrible,0
dolor de ojos,0
basura total de verdad,0
ğŸ”¥ dolor de ojos,0
dolor de ojos,0
me dormÃ­,0
pÃ©sima,0
ğŸ’© de lo peor,0
ğŸ˜´ basura total,0
me dormÃ­,0
horrible,0
aburridÃ­sima en serio,0
ni gratis la veo,0
ğŸ˜´ me dormÃ­,0
ğŸ’© infumable,0
pÃ©sima,0
ğŸ”¥ de lo peor,0
aburridÃ­sima,0
infumable,0
ni gratis la veo,0
ğŸ˜´ me dormÃ­,0
ni gratis la veo mucho,0
ğŸ¬ aburridÃ­sima,0
me dormÃ­,0
ğŸ’© me dormÃ­,0
no pierdas tu tiempo,0
aburridÃ­sima,0
ğŸ˜ de lo peor,0
infumable mal,0
ni gratis la veo,0
dolor de ojos de verdad,0
de lo peor,0
ni gratis la veo,0
infumable,0
ğŸ”¥ basura total,0
aburridÃ­sima,0
horrible,0
aburridÃ­sima,0
de lo peor,0
pÃ©sima,0
ni gratis la veo,0
pÃ©sima en serio,0
no pierdas tu tiempo,0
basura total demasiado,0
dolor de ojos,0
dolor de ojos,0
dolor de ojos,0
ğŸ˜­ infumable,0
ğŸ˜´ no pierdas tu tiempo,0
aburridÃ­sima,0
infumable,0
me dormÃ­,0
basura total,0
ni gratis la veo,0
ni gratis la veo,0
me dormÃ­,0
aburridÃ­sima,0
pÃ©sima posta,0
pÃ©sima en serio,0
pÃ©sima,0
me dormÃ­,0
ğŸ˜ pÃ©sima,0
ni gratis la veo,0
aburridÃ­sima,0
ğŸ˜­ pÃ©sima,0
no pierdas tu tiempo,0
pÃ©sima mucho,0
pÃ©sima,0
ğŸ˜­ horrible,0
ğŸ’© dolor de ojos,0
ğŸ”¥ ni gratis la veo,0
ğŸ¬ basura total,0
ğŸ”¥ me dormÃ­,0
basura total,0
horrible,0
me dormÃ­ en serio,0
ğŸ’© aburridÃ­sima,0
no pierdas tu tiempo demasiado,0
basura total posta,0
basura total,0
ğŸ˜­ me dormÃ­,0
pÃ©sima mucho,0
ğŸ¬ dolor de ojos,0
pÃ©sima,0
ni gratis la veo,0
ni gratis la veo de verdad,0
ğŸ˜´ aburridÃ­sima,0
pÃ©sima en serio,0
pÃ©sima,0
horrible,0
de lo peor,0
no pierdas tu tiempo posta,0
me dormÃ­ en serio,0
ğŸ¬ de lo peor,0
aburridÃ­sima,0
ğŸ¬ basura total,0
ğŸ’© infumable,0
me dormÃ­,0
ni gratis la veo,0
pÃ©sima,0
pÃ©sima posta,0
ğŸ˜­ me dormÃ­,0
dolor de ojos,0
me dormÃ­,0
infumable,0
dolor de ojos mal,0
ni gratis la veo mucho,0
ğŸ˜ no pierdas tu tiempo,0
ğŸ˜ ni gratis la veo,0
ğŸ˜ horrible,0
ğŸ”¥ me dormÃ­,0
dolor de ojos,0
me dormÃ­,0
ni gratis la veo,0
ni gratis la veo,0
basura total,0
infumable en serio,0
no pierdas tu tiempo de verdad,0
ğŸ˜´ me dormÃ­,0
horrible,0
de lo peor,0
me dormÃ­,0
ğŸ˜­ de lo peor,0
ğŸ¬ ni gratis la veo,0
ğŸ˜ no pierdas tu tiempo,0
de lo peor,0
infumable,0
pÃ©sima,0
de lo peor,0
infumable posta,0
ğŸ˜­ no pierdas tu tiempo,0
de lo peor,0
ğŸ’© basura total,0
no pierdas tu tiempo,0
ğŸ’© basura total,0
de lo peor,0
ğŸ¬ basura total,0
infumable,0
aburridÃ­sima,0
ğŸ”¥ aburridÃ­sima,0
ğŸ¬ ni gratis la veo,0
ğŸ˜ pÃ©sima,0
horrible,0
ğŸ¬ me dormÃ­,0
de lo peor,0
de lo peor posta,0
ni gratis la veo,0
pÃ©sima mal,0
basura total,0
ni gratis la veo,0
ğŸ˜­ pÃ©sima,0
no pierdas tu tiempo,0
no pierdas tu tiempo,0
ğŸ˜­ basura total,0
dolor de ojos,0
infumable,0
ğŸ”¥ ni gratis la veo,0
aburridÃ­sima,0
infumable,0
no pierdas tu tiempo,0
infumable,0
de lo peor,0
pÃ©sima,0
aburridÃ­sima,0
me dormÃ­,0
me dormÃ­,0
infumable,0
dolor de ojos,0
ğŸ˜ basura total,0
dolor de ojos posta,0
ğŸ˜ aburridÃ­sima,0
infumable,0
ğŸ˜´ aburridÃ­sima,0
me dormÃ­,0
ğŸ˜­ aburridÃ­sima,0
ni gratis la veo,0
ni gratis la veo,0
ğŸ’© ni gratis la veo,0
basura total,0
ğŸ”¥ infumable,0
ğŸ˜´ basura total,0
ğŸ˜­ aburridÃ­sima,0
dolor de ojos,0
ğŸ˜ basura total,0
ğŸ˜ de lo peor,0
pÃ©sima mucho,0
de lo peor,0
no pierdas tu tiempo,0
ğŸ˜ infumable,0
pÃ©sima mal,0
no pierdas tu tiempo,0
ğŸ˜­ dolor de ojos,0
ğŸ’© infumable,0
ğŸ˜´ basura total,0
de lo peor de verdad,0
ğŸ˜´ horrible,0
aburridÃ­sima,0
no pierdas tu tiempo,0
ğŸ˜­ infumable,0
dolor de ojos de verdad,0
pÃ©sima,0
ğŸ¬ basura total,0
basura total,0
de lo peor mucho,0
infumable,0
ni gratis la veo,0
horrible,0
no pierdas tu tiempo,0
ğŸ”¥ basura total,0
no pierdas tu tiempo,0
dolor de ojos,0
basura total,0
me dormÃ­,0
de lo peor,0
ğŸ˜ de lo peor,0
pÃ©sima,0
ğŸ˜´ no pierdas tu tiempo,0
horrible,0
ğŸ¬ no pierdas tu tiempo,0
me dormÃ­ posta,0
ğŸ˜´ no pierdas tu tiempo,0
ni gratis la veo,0
ğŸ˜ basura total,0
no pierdas tu tiempo,0
ğŸ˜´ de lo peor,0
de lo peor,0
ni gratis la veo,0
dolor de ojos,0
ğŸ¬ horrible,0
pÃ©sima mal,0
pÃ©sima,0
no pierdas tu tiempo,0
me dormÃ­ de verdad,0
horrible,0
aburridÃ­sima,0
aburridÃ­sima,0
ğŸ¬ dolor de ojos,0
dolor de ojos en serio,0
horrible,0
pÃ©sima,0
dolor de ojos,0
pÃ©sima,0
no pierdas tu tiempo mucho,0
horrible,0
me dormÃ­ en serio,0
no pierdas tu tiempo,0
de lo peor en serio,0
ğŸ”¥ infumable,0
de lo peor mucho,0
me dormÃ­,0
de lo peor,0
aburridÃ­sima,0
dolor de ojos posta,0
ğŸ˜ aburridÃ­sima,0
basura total,0
de lo peor,0
ğŸ’© de lo peor,0
ğŸ˜­ pÃ©sima,0
ni gratis la veo,0
infumable,0
dolor de ojos de verdad,0
ğŸ˜´ me dormÃ­,0
ğŸ˜­ no pierdas tu tiempo,0
horrible,0
infumable,0
no pierdas tu tiempo,0
ğŸ’© aburridÃ­sima,0
ğŸ¬ no pierdas tu tiempo,0
no pierdas tu tiempo demasiado,0
infumable,0
aburridÃ­sima,0
no me gustÃ³,1
re mala,1
del asco,1
meh total,1
ğŸ˜­ no me gustÃ³,1
ultra pÃ©sima,1
ğŸ¬ olvidable,1
no me gustÃ³ mal,1
olvidable,1
muy lenta,1
actuaciones flojas,1
re mala,1
nada rescatable,1
re mala de verdad,1
re mala mal,1
muy lenta,1
ğŸ˜­ muy lenta,1
olvidable,1
re mala,1
ğŸ˜´ re mala,1
ğŸ¬ guion flojo,1
del asco mal,1
olvidable,1
meh total,1
ğŸ˜ meh total,1
del asco de verdad,1
ğŸ¬ nada rescatable,1
re mala,1
meh total de verdad,1
nada rescatable,1
actuaciones flojas,1
meh total,1
ultra pÃ©sima,1
ğŸ’© no me gustÃ³,1
ğŸ’© meh total,1
meh total posta,1
no me gustÃ³,1
actuaciones flojas,1
ğŸ”¥ muy lenta,1
no me gustÃ³,1
guion flojo mucho,1
re mala,1
nada rescatable,1
olvidable,1
ğŸ˜´ ultra pÃ©sima,1
del asco,1
re mala posta,1
actuaciones flojas,1
muy lenta,1
nada rescatable,1
ultra pÃ©sima,1
ultra pÃ©sima,1
actuaciones flojas,1
ğŸ˜­ guion flojo,1
ultra pÃ©sima,1
actuaciones flojas,1
ğŸ˜´ muy lenta,1
no me gustÃ³,1
nada rescatable,1
guion flojo,1
ğŸ˜­ del asco,1
ğŸ”¥ meh total,1
meh total,1
ğŸ˜­ muy lenta,1
re mala,1
ğŸ¬ nada rescatable,1
ğŸ˜­ nada rescatable,1
ğŸ˜­ re mala,1
nada rescatable,1
muy lenta,1
ğŸ’© del asco,1
re mala,1
ğŸ˜­ meh total,1
actuaciones flojas,1
muy lenta,1
no me gustÃ³,1
ğŸ¬ ultra pÃ©sima,1
ğŸ”¥ nada rescatable,1
ğŸ˜ re mala,1
del asco en serio,1
no me gustÃ³ mal,1
guion flojo,1
ultra pÃ©sima de verdad,1
guion flojo,1
muy lenta en serio,1
ğŸ˜ ultra pÃ©sima,1
guion flojo demasiado,1
del asco,1
ğŸ˜ nada rescatable,1
ğŸ˜´ olvidable,1
nada rescatable,1
no me gustÃ³ mal,1
ğŸ’© guion flojo,1
actuaciones flojas mucho,1
muy lenta,1
meh total,1
del asco posta,1
del asco,1
muy lenta,1
olvidable,1
ğŸ˜ muy lenta,1
olvidable en serio,1
ultra pÃ©sima posta,1
olvidable,1
ultra pÃ©sima,1
ğŸ’© no me gustÃ³,1
ğŸ˜ muy lenta,1
ğŸ˜­ guion flojo,1
ğŸ˜­ re mala,1
re mala en serio,1
olvidable,1
ğŸ”¥ nada rescatable,1
nada rescatable de verdad,1
actuaciones flojas de verdad,1
nada rescatable,1
ultra pÃ©sima,1
del asco,1
ğŸ’© actuaciones flojas,1
guion flojo demasiado,1
ğŸ’© olvidable,1
ğŸ¬ no me gustÃ³,1
muy lenta de verdad,1
olvidable,1
ğŸ”¥ muy lenta,1
muy lenta,1
ultra pÃ©sima demasiado,1
ğŸ˜ del asco,1
del asco mal,1
nada rescatable,1
ultra pÃ©sima posta,1
nada rescatable,1
ğŸ¬ guion flojo,1
guion flojo,1
no me gustÃ³,1
ğŸ˜´ no me gustÃ³,1
ğŸ¬ del asco,1
del asco demasiado,1
muy lenta,1
ğŸ”¥ ultra pÃ©sima,1
muy lenta posta,1
ğŸ”¥ nada rescatable,1
olvidable,1
meh total de verdad,1
ğŸ˜´ olvidable,1
ultra pÃ©sima demasiado,1
ğŸ¬ re mala,1
actuaciones flojas,1
actuaciones flojas de verdad,1
ğŸ˜ no me gustÃ³,1
ğŸ”¥ ultra pÃ©sima,1
meh total,1
olvidable,1
meh total de verdad,1
ğŸ˜­ ultra pÃ©sima,1
nada rescatable,1
ğŸ¬ del asco,1
ğŸ”¥ re mala,1
actuaciones flojas en serio,1
nada rescatable mal,1
meh total,1
ultra pÃ©sima,1
ğŸ’© re mala,1
ğŸ˜´ no me gustÃ³,1
actuaciones flojas,1
ultra pÃ©sima de verdad,1
del asco demasiado,1
meh total en serio,1
ğŸ˜´ ultra pÃ©sima,1
ğŸ˜ del asco,1
muy lenta,1
del asco,1
ğŸ”¥ actuaciones flojas,1
ğŸ”¥ nada rescatable,1
del asco,1
nada rescatable,1
ğŸ¬ meh total,1
ğŸ”¥ muy lenta,1
ğŸ˜ olvidable,1
del asco,1
actuaciones flojas,1
actuaciones flojas,1
ğŸ’© muy lenta,1
actuaciones flojas en serio,1
del asco,1
actuaciones flojas,1
ğŸ˜­ re mala,1
ğŸ˜­ no me gustÃ³,1
del asco,1
guion flojo,1
actuaciones flojas,1
ğŸ˜ re mala,1
actuaciones flojas,1
ğŸ˜­ guion flojo,1
actuaciones flojas,1
guion flojo,1
meh total de verdad,1
ğŸ˜ ultra pÃ©sima,1
ğŸ˜´ no me gustÃ³,1
del asco,1
re mala en serio,1
ğŸ˜ del asco,1
re mala,1
actuaciones flojas,1
muy lenta,1
ğŸ”¥ actuaciones flojas,1
muy lenta,1
ğŸ˜ actuaciones flojas,1
guion flojo mucho,1
re mala,1
ğŸ˜­ nada rescatable,1
del asco,1
muy lenta,1
ğŸ˜ guion flojo,1
actuaciones flojas,1
no me gustÃ³ mal,1
re mala en serio,1
ğŸ’© actuaciones flojas,1
actuaciones flojas posta,1
ultra pÃ©sima,1
ğŸ˜´ del asco,1
muy lenta,1
meh total,1
ğŸ˜´ muy lenta,1
guion flojo,1
re mala,1
ğŸ¬ del asco,1
nada rescatable posta,1
ğŸ’© muy lenta,1
olvidable,1
actuaciones flojas,1
meh total,1
re mala,1
ğŸ”¥ del asco,1
no me gustÃ³,1
ğŸ¬ olvidable,1
ğŸ’© nada rescatable,1
muy lenta,1
ğŸ’© re mala,1
ğŸ˜­ muy lenta,1
guion flojo posta,1
re mala,1
meh total,1
muy lenta,1
ğŸ˜ nada rescatable,1
ğŸ˜´ muy lenta,1
ğŸ’© actuaciones flojas,1
nada rescatable en serio,1
ğŸ˜­ guion flojo,1
ğŸ¬ ultra pÃ©sima,1
olvidable,1
no me gustÃ³,1
olvidable,1
meh total en serio,1
ultra pÃ©sima,1
del asco,1
guion flojo,1
ultra pÃ©sima,1
re mala,1
ğŸ’© re mala,1
ğŸ˜­ muy lenta,1
re mala demasiado,1
ğŸ˜ ultra pÃ©sima,1
muy lenta,1
olvidable,1
guion flojo,1
ultra pÃ©sima mucho,1
guion flojo,1
ultra pÃ©sima en serio,1
olvidable,1
nada rescatable,1
guion flojo mal,1
re mala,1
ğŸ¬ muy lenta,1
ğŸ˜´ no me gustÃ³,1
nada rescatable en serio,1
ğŸ˜´ nada rescatable,1
ultra pÃ©sima en serio,1
meh total,1
muy lenta mal,1
no me gustÃ³,1
meh total,1
del asco en serio,1
olvidable,1
olvidable posta,1
no me gustÃ³ mal,1
del asco,1
nada rescatable,1
muy lenta de verdad,1
no me gustÃ³,1
re mala,1
olvidable en serio,1
ğŸ˜´ ultra pÃ©sima,1
ğŸ˜ del asco,1
no me gustÃ³,1
ğŸ˜´ no me gustÃ³,1
ğŸ˜­ olvidable,1
del asco posta,1
guion flojo mucho,1
nada rescatable,1
nada rescatable,1
actuaciones flojas en serio,1
olvidable,1
ğŸ˜­ ultra pÃ©sima,1
actuaciones flojas,1
ğŸ’© nada rescatable,1
ğŸ¬ meh total,1
actuaciones flojas demasiado,1
ğŸ˜ nada rescatable,1
no me gustÃ³,1
guion flojo,1
re mala,1
ğŸ˜´ nada rescatable,1
muy lenta demasiado,1
guion flojo,1
no me gustÃ³,1
meh total,1
olvidable demasiado,1
ğŸ’© olvidable,1
ğŸ¬ meh total,1
olvidable demasiado,1
actuaciones flojas posta,1
nada rescatable,1
ğŸ¬ actuaciones flojas,1
meh total,1
guion flojo,1
meh total,1
muy lenta,1
ğŸ”¥ re mala,1
actuaciones flojas,1
ğŸ˜­ meh total,1
re mala,1
re mala mal,1
ğŸ”¥ nada rescatable,1
guion flojo,1
ğŸ˜´ ultra pÃ©sima,1
muy lenta,1
ğŸ˜ muy lenta,1
no me gustÃ³,1
actuaciones flojas,1
del asco,1
ğŸ¬ no me gustÃ³,1
ğŸ˜´ nada rescatable,1
olvidable de verdad,1
nada rescatable,1
olvidable,1
re mala,1
actuaciones flojas mal,1
ğŸ˜­ del asco,1
ğŸ’© re mala,1
guion flojo demasiado,1
del asco,1
olvidable,1
del asco,1
ğŸ’© del asco,1
muy lenta en serio,1
meh total demasiado,1
del asco,1
ğŸ˜ olvidable,1
re mala,1
olvidable de verdad,1
ultra pÃ©sima,1
nada rescatable,1
actuaciones flojas de verdad,1
olvidable mal,1
ğŸ’© actuaciones flojas,1
ultra pÃ©sima,1
ğŸ’© meh total,1
ğŸ˜­ olvidable,1
ultra pÃ©sima,1
meh total mal,1
ğŸ”¥ del asco,1
del asco,1
actuaciones flojas de verdad,1
del asco,1
re mala,1
ğŸ˜­ guion flojo,1
ultra pÃ©sima,1
ultra pÃ©sima,1
nada rescatable,1
meh total,1
ğŸ˜­ re mala,1
del asco,1
ultra pÃ©sima,1
guion flojo mal,1
actuaciones flojas,1
re mala,1
muy lenta demasiado,1
ğŸ˜­ actuaciones flojas,1
olvidable,1
ğŸ˜­ guion flojo,1
actuaciones flojas,1
ğŸ˜­ guion flojo,1
no me gustÃ³,1
ğŸ˜ muy lenta,1
ğŸ˜­ guion flojo,1
re mala,1
meh total mal,1
ğŸ¬ actuaciones flojas,1
del asco,1
muy lenta mal,1
meh total,1
meh total mal,1
ğŸ˜´ del asco,1
del asco de verdad,1
guion flojo,1
olvidable,1
meh total,1
del asco,1
actuaciones flojas,1
meh total,1
ğŸ˜­ meh total,1
ğŸ¬ no me gustÃ³,1
nada rescatable,1
ğŸ”¥ ultra pÃ©sima,1
ğŸ˜­ meh total,1
ğŸ˜ muy lenta,1
ğŸ˜´ no me gustÃ³,1
no me gustÃ³,1
ğŸ˜´ actuaciones flojas,1
del asco,1
ğŸ˜´ guion flojo,1
meh total,1
re mala demasiado,1
del asco,1
guion flojo,1
re mala posta,1
ultra pÃ©sima,1
actuaciones flojas,1
guion flojo,1
nada rescatable,1
nada rescatable mal,1
guion flojo,1
nada rescatable,1
actuaciones flojas,1
ğŸ˜ no me gustÃ³,1
nada rescatable,1
re mala,1
re mala,1
actuaciones flojas,1
olvidable,1
muy lenta,1
ğŸ˜´ olvidable,1
del asco posta,1
del asco posta,1
nada rescatable de verdad,1
ğŸ˜ nada rescatable,1
del asco,1
guion flojo,1
no me gustÃ³,1
no me gustÃ³,1
nada rescatable mal,1
muy lenta,1
actuaciones flojas demasiado,1
ğŸ˜´ nada rescatable,1
no me gustÃ³,1
actuaciones flojas,1
ğŸ˜­ guion flojo,1
ğŸ”¥ no me gustÃ³,1
ğŸ”¥ ultra pÃ©sima,1
ğŸ’© olvidable,1
ğŸ¬ muy lenta,1
ğŸ¬ re mala,1
del asco,1
ğŸ¬ re mala,1
ğŸ˜­ guion flojo,1
guion flojo,1
guion flojo demasiado,1
actuaciones flojas,1
ğŸ˜ olvidable,1
re mala,1
ultra pÃ©sima,1
actuaciones flojas mucho,1
olvidable,1
ğŸ¬ del asco,1
ğŸ˜­ meh total,1
guion flojo de verdad,1
actuaciones flojas,1
ultra pÃ©sima,1
ğŸ˜ nada rescatable,1
actuaciones flojas,1
ğŸ˜­ meh total,1
no me gustÃ³ de verdad,1
re mala,1
ğŸ’© olvidable,1
no me gustÃ³,1
muy lenta demasiado,1
muy lenta,1
ğŸ˜­ re mala,1
ğŸ’© actuaciones flojas,1
ğŸ¬ del asco,1
ğŸ”¥ olvidable,1
nada rescatable,1
muy lenta demasiado,1
ultra pÃ©sima,1
ğŸ˜­ guion flojo,1
ğŸ’© guion flojo,1
actuaciones flojas demasiado,1
nada rescatable mal,1
muy lenta,1
ğŸ”¥ meh total,1
re mala,1
ğŸ˜­ olvidable,1
ğŸ˜­ re mala,1
actuaciones flojas mucho,1
ğŸ’© re mala,1
guion flojo,1
ultra pÃ©sima,1
ğŸ˜­ actuaciones flojas,1
ğŸ”¥ olvidable,1
no me gustÃ³ de verdad,1
re mala,1
del asco,1
olvidable,1
nada rescatable posta,1
guion flojo,1
re mala en serio,1
ğŸ”¥ guion flojo,1
actuaciones flojas,1
nada rescatable mucho,1
actuaciones flojas,1
ğŸ”¥ re mala,1
no me gustÃ³,1
nada rescatable demasiado,1
actuaciones flojas,1
actuaciones flojas,1
ğŸ˜ ultra pÃ©sima,1
ultra pÃ©sima,1
re mala demasiado,1
ultra pÃ©sima,1
olvidable,1
guion flojo,1
del asco,1
olvidable,1
actuaciones flojas,1
guion flojo mal,1
olvidable,1
ğŸ”¥ olvidable,1
guion flojo,1
re mala mucho,1
re mala,1
ğŸ˜´ actuaciones flojas,1
ğŸ¬ no me gustÃ³,1
ğŸ”¥ no me gustÃ³,1
olvidable,1
meh total,1
del asco,1
olvidable demasiado,1
nada rescatable,1
muy lenta,1
ultra pÃ©sima,1
no me gustÃ³,1
actuaciones flojas,1
ğŸ”¥ guion flojo,1
ğŸ’© meh total,1
olvidable posta,1
re mala,1
ultra pÃ©sima,1
actuaciones flojas,1
meh total,1
ğŸ’© muy lenta,1
re mala demasiado,1
ğŸ˜ olvidable,1
ğŸ¬ re mala,1
re mala,1
guion flojo,1
nada rescatable mucho,1
meh total mal,1
ğŸ˜ guion flojo,1
re mala,1
re mala,1
meh total mal,1
ğŸ’© muy lenta,1
no me gustÃ³,1
muy lenta,1
re mala,1
del asco,1
ğŸ˜­ ultra pÃ©sima,1
re mala,1
del asco,1
muy lenta,1
del asco,1
meh total,1
guion flojo,1
ğŸ”¥ guion flojo,1
nada rescatable de verdad,1
nada rescatable,1
ğŸ˜­ nada rescatable,1
del asco de verdad,1
muy lenta,1
actuaciones flojas mal,1
ğŸ˜ guion flojo,1
muy lenta,1
muy lenta,1
olvidable,1
olvidable,1
guion flojo,1
re mala,1
no me gustÃ³,1
ğŸ˜ re mala,1
muy lenta,1
guion flojo,1
re mala,1
ultra pÃ©sima,1
guion flojo posta,1
ğŸ’© actuaciones flojas,1
muy lenta,1
ğŸ˜ olvidable,1
del asco,1
meh total demasiado,1
ğŸ’© olvidable,1
guion flojo,1
ğŸ’© guion flojo,1
ğŸ’© actuaciones flojas,1
ğŸ¬ re mala,1
muy lenta,1
ğŸ’© guion flojo,1
ultra pÃ©sima,1
olvidable,1
ğŸ”¥ nada rescatable,1
meh total,1
ğŸ˜ nada rescatable,1
ultra pÃ©sima,1
actuaciones flojas,1
nada rescatable,1
ğŸ˜´ guion flojo,1
muy lenta,1
actuaciones flojas,1
meh total,1
ğŸ’© meh total,1
muy lenta,1
no me gustÃ³,1
actuaciones flojas en serio,1
ğŸ˜´ no me gustÃ³,1
ğŸ”¥ actuaciones flojas,1
meh total mucho,1
ğŸ˜­ nada rescatable,1
no me gustÃ³ demasiado,1
no me gustÃ³ posta,1
no me gustÃ³,1
ğŸ’© ultra pÃ©sima,1
meh total,1
olvidable,1
actuaciones flojas,1
guion flojo,1
ğŸ”¥ olvidable,1
ğŸ˜ guion flojo,1
muy lenta,1
olvidable,1
re mala mucho,1
meh total demasiado,1
no me gustÃ³ en serio,1
guion flojo en serio,1
ğŸ˜ no me gustÃ³,1
actuaciones flojas,1
no me gustÃ³,1
actuaciones flojas posta,1
ğŸ˜ guion flojo,1
no me gustÃ³,1
no me gustÃ³,1
ğŸ˜­ no me gustÃ³,1
re mala mal,1
ğŸ˜­ meh total,1
olvidable,1
meh total,1
ğŸ’© guion flojo,1
ğŸ¬ re mala,1
meh total demasiado,1
ğŸ¬ actuaciones flojas,1
olvidable,1
ğŸ’© actuaciones flojas,1
actuaciones flojas,1
no me gustÃ³,1
ğŸ¬ olvidable,1
actuaciones flojas,1
meh total,1
nada rescatable,1
re mala,1
muy lenta,1
ğŸ¬ ultra pÃ©sima,1
no me gustÃ³,1
nada rescatable,1
meh total,1
guion flojo,1
ğŸ’© re mala,1
re mala,1
ğŸ˜´ ultra pÃ©sima,1
ğŸ˜´ ultra pÃ©sima,1
ğŸ˜´ olvidable,1
olvidable en serio,1
ğŸ˜­ guion flojo,1
muy lenta en serio,1
meh total posta,1
ğŸ¬ del asco,1
actuaciones flojas,1
olvidable,1
re mala,1
re mala,1
guion flojo,1
olvidable,1
ğŸ’© olvidable,1
meh total,1
re mala posta,1
ğŸ˜ actuaciones flojas,1
del asco,1
ğŸ˜´ meh total,1
nada rescatable,1
olvidable,1
olvidable demasiado,1
muy lenta de verdad,1
muy lenta,1
guion flojo,1
nada rescatable,1
nada rescatable,1
ğŸ’© re mala,1
meh total mucho,1
ğŸ’© meh total,1
ğŸ˜ re mala,1
ğŸ’© del asco,1
ğŸ˜­ nada rescatable,1
meh total posta,1
del asco,1
nada rescatable,1
actuaciones flojas,1
ğŸ”¥ actuaciones flojas,1
ğŸ˜´ del asco,1
ultra pÃ©sima en serio,1
muy lenta demasiado,1
no me gustÃ³,1
no me gustÃ³ mal,1
ultra pÃ©sima,1
meh total,1
ğŸ˜­ actuaciones flojas,1
del asco,1
ğŸ˜­ ultra pÃ©sima,1
ğŸ’© nada rescatable,1
no me gustÃ³ mal,1
ğŸ¬ actuaciones flojas,1
ğŸ”¥ guion flojo,1
del asco,1
meh total de verdad,1
ğŸ’© no me gustÃ³,1
guion flojo,1
ğŸ˜­ del asco,1
re mala,1
re mala,1
olvidable,1
meh total mal,1
actuaciones flojas de verdad,1
meh total,1
olvidable posta,1
olvidable,1
nada rescatable,1
ğŸ˜ olvidable,1
re mala,1
olvidable demasiado,1
olvidable de verdad,1
guion flojo,1
no me gustÃ³ mucho,1
ğŸ˜­ muy lenta,1
meh total en serio,1
actuaciones flojas,1
ultra pÃ©sima posta,1
re mala mal,1
ğŸ˜ no me gustÃ³,1
muy lenta,1
ğŸ¬ guion flojo,1
no me gustÃ³ posta,1
meh total,1
meh total mucho,1
muy lenta,1
del asco de verdad,1
ultra pÃ©sima posta,1
ğŸ˜­ olvidable,1
no me gustÃ³ mucho,1
no me gustÃ³,1
olvidable,1
ultra pÃ©sima,1
meh total,1
ğŸ”¥ ultra pÃ©sima,1
olvidable,1
re mala,1
actuaciones flojas,1
actuaciones flojas,1
muy lenta,1
no me gustÃ³ mucho,1
nada rescatable,1
ğŸ’© muy lenta,1
nada rescatable,1
ğŸ”¥ nada rescatable,1
no me gustÃ³ demasiado,1
nada rescatable,1
guion flojo de verdad,1
meh total en serio,1
ğŸ¬ guion flojo,1
ğŸ˜´ nada rescatable,1
guion flojo,1
actuaciones flojas demasiado,1
guion flojo demasiado,1
ğŸ˜ nada rescatable,1
ğŸ’© muy lenta,1
actuaciones flojas,1
muy lenta posta,1
guion flojo,1
ğŸ˜ muy lenta,1
del asco,1
actuaciones flojas de verdad,1
muy lenta,1
guion flojo en serio,1
ğŸ¬ muy lenta,1
ultra pÃ©sima,1
olvidable mucho,1
muy lenta posta,1
meh total,1
ğŸ˜ guion flojo,1
ğŸ’© olvidable,1
nada rescatable,1
ğŸ˜­ guion flojo,1
muy lenta,1
actuaciones flojas,1
ğŸ¬ nada rescatable,1
guion flojo,1
ğŸ’© guion flojo,1
ğŸ¬ no me gustÃ³,1
re mala,1
ultra pÃ©sima mucho,1
re mala,1
del asco,1
nada rescatable posta,1
ğŸ˜ olvidable,1
olvidable,1
guion flojo demasiado,1
del asco,1
ğŸ”¥ olvidable,1
ğŸ˜­ zafa con lo justo,2
ğŸ˜´ mÃ¡s o menos,2
ğŸ˜­ zafa con lo justo,2
algunas partes buenas,2
medio pelo demasiado,2
ğŸ˜´ aceptable pero meh,2
regular en serio,2
guion flojito,2
ğŸ˜´ podrÃ­a ser mejor,2
regular posta,2
regular,2
ğŸ˜­ podrÃ­a ser mejor,2
medio pelo,2
ğŸ’© regular,2
algunas partes buenas,2
zafa con lo justo,2
ğŸ˜´ ni fu ni fa,2
ğŸ˜´ podrÃ­a ser mejor,2
regular,2
ni fu ni fa,2
aceptable pero meh,2
medio pelo demasiado,2
podrÃ­a ser mejor,2
ni fu ni fa,2
regular,2
podrÃ­a ser mejor,2
podrÃ­a ser mejor,2
ğŸ”¥ algo aburrida,2
zafa con lo justo,2
aceptable pero meh,2
ğŸ”¥ algunas partes buenas,2
ğŸ’© algo aburrida,2
mÃ¡s o menos,2
ğŸ”¥ mÃ¡s o menos,2
ni fu ni fa,2
ğŸ˜ guion flojito,2
guion flojito,2
aceptable pero meh posta,2
ğŸ’© ni fu ni fa,2
algunas partes buenas demasiado,2
ni fu ni fa mal,2
mÃ¡s o menos,2
guion flojito,2
zafa con lo justo,2
medio pelo,2
mÃ¡s o menos,2
zafa con lo justo,2
zafa con lo justo mucho,2
aceptable pero meh mal,2
regular,2
ğŸ˜´ ni fu ni fa,2
algunas partes buenas posta,2
ğŸ’© aceptable pero meh,2
regular,2
ğŸ˜ guion flojito,2
ğŸ˜ algo aburrida,2
ğŸ˜´ regular,2
medio pelo mucho,2
ni fu ni fa en serio,2
podrÃ­a ser mejor de verdad,2
guion flojito demasiado,2
aceptable pero meh,2
mÃ¡s o menos,2
ğŸ”¥ aceptable pero meh,2
medio pelo,2
ğŸ”¥ podrÃ­a ser mejor,2
podrÃ­a ser mejor en serio,2
algunas partes buenas,2
algunas partes buenas posta,2
ğŸ¬ ni fu ni fa,2
zafa con lo justo,2
regular,2
ğŸ˜ guion flojito,2
guion flojito,2
mÃ¡s o menos mucho,2
algunas partes buenas,2
ğŸ”¥ ni fu ni fa,2
zafa con lo justo de verdad,2
mÃ¡s o menos de verdad,2
ğŸ”¥ zafa con lo justo,2
podrÃ­a ser mejor,2
mÃ¡s o menos,2
guion flojito,2
ğŸ¬ zafa con lo justo,2
medio pelo,2
algo aburrida,2
ğŸ”¥ algo aburrida,2
algo aburrida mucho,2
aceptable pero meh,2
ğŸ˜ mÃ¡s o menos,2
regular,2
mÃ¡s o menos,2
algunas partes buenas,2
algunas partes buenas,2
medio pelo,2
guion flojito,2
guion flojito,2
ni fu ni fa,2
ğŸ˜´ zafa con lo justo,2
algo aburrida mucho,2
aceptable pero meh,2
regular demasiado,2
ni fu ni fa de verdad,2
algunas partes buenas,2
ğŸ¬ zafa con lo justo,2
medio pelo,2
zafa con lo justo en serio,2
guion flojito,2
podrÃ­a ser mejor,2
regular,2
aceptable pero meh mucho,2
algunas partes buenas,2
regular demasiado,2
medio pelo,2
ğŸ”¥ medio pelo,2
algunas partes buenas,2
aceptable pero meh,2
mÃ¡s o menos de verdad,2
algunas partes buenas,2
ğŸ’© zafa con lo justo,2
guion flojito,2
ğŸ¬ algunas partes buenas,2
ğŸ’© podrÃ­a ser mejor,2
ni fu ni fa,2
zafa con lo justo,2
ğŸ˜´ podrÃ­a ser mejor,2
regular,2
algo aburrida,2
ğŸ’© podrÃ­a ser mejor,2
guion flojito,2
ğŸ’© algo aburrida,2
mÃ¡s o menos,2
ğŸ˜­ zafa con lo justo,2
ğŸ¬ algunas partes buenas,2
ni fu ni fa en serio,2
regular,2
ğŸ”¥ algo aburrida,2
ğŸ˜ algunas partes buenas,2
regular en serio,2
regular demasiado,2
algunas partes buenas en serio,2
mÃ¡s o menos,2
ğŸ˜´ zafa con lo justo,2
ğŸ’© zafa con lo justo,2
algo aburrida mucho,2
mÃ¡s o menos,2
guion flojito,2
ni fu ni fa,2
ğŸ˜´ regular,2
ğŸ˜­ mÃ¡s o menos,2
ğŸ¬ guion flojito,2
guion flojito,2
podrÃ­a ser mejor,2
medio pelo,2
medio pelo,2
guion flojito de verdad,2
medio pelo,2
algunas partes buenas,2
podrÃ­a ser mejor,2
algo aburrida,2
algunas partes buenas,2
ğŸ”¥ aceptable pero meh,2
ğŸ˜´ regular,2
ğŸ”¥ aceptable pero meh,2
mÃ¡s o menos,2
mÃ¡s o menos,2
ğŸ˜­ ni fu ni fa,2
algo aburrida,2
ğŸ˜ guion flojito,2
guion flojito mal,2
podrÃ­a ser mejor,2
ğŸ˜ mÃ¡s o menos,2
aceptable pero meh,2
ğŸ”¥ zafa con lo justo,2
mÃ¡s o menos,2
zafa con lo justo,2
guion flojito,2
mÃ¡s o menos en serio,2
algunas partes buenas,2
algunas partes buenas,2
medio pelo,2
mÃ¡s o menos,2
podrÃ­a ser mejor mucho,2
ğŸ˜ zafa con lo justo,2
ğŸ¬ medio pelo,2
ğŸ˜­ zafa con lo justo,2
mÃ¡s o menos,2
aceptable pero meh,2
ni fu ni fa,2
ni fu ni fa,2
medio pelo demasiado,2
ğŸ’© podrÃ­a ser mejor,2
ğŸ˜´ zafa con lo justo,2
aceptable pero meh posta,2
aceptable pero meh,2
mÃ¡s o menos,2
guion flojito,2
guion flojito mal,2
ğŸ˜´ mÃ¡s o menos,2
ni fu ni fa mucho,2
mÃ¡s o menos,2
mÃ¡s o menos,2
mÃ¡s o menos,2
podrÃ­a ser mejor,2
algunas partes buenas mucho,2
ğŸ˜­ algo aburrida,2
algo aburrida,2
mÃ¡s o menos en serio,2
regular,2
regular,2
medio pelo,2
ğŸ’© algunas partes buenas,2
mÃ¡s o menos,2
ğŸ˜­ mÃ¡s o menos,2
guion flojito,2
algunas partes buenas,2
algunas partes buenas de verdad,2
ğŸ˜ algunas partes buenas,2
ğŸ¬ algunas partes buenas,2
zafa con lo justo,2
mÃ¡s o menos,2
medio pelo demasiado,2
ni fu ni fa,2
zafa con lo justo posta,2
mÃ¡s o menos mal,2
aceptable pero meh mal,2
ğŸ˜­ podrÃ­a ser mejor,2
ğŸ¬ medio pelo,2
ğŸ˜´ algo aburrida,2
aceptable pero meh,2
ğŸ˜­ regular,2
aceptable pero meh mal,2
ğŸ˜´ zafa con lo justo,2
aceptable pero meh,2
ğŸ˜ zafa con lo justo,2
medio pelo,2
algunas partes buenas de verdad,2
algunas partes buenas,2
ni fu ni fa,2
ni fu ni fa,2
podrÃ­a ser mejor de verdad,2
ğŸ’© algo aburrida,2
ğŸ˜´ regular,2
ğŸ¬ medio pelo,2
ğŸ’© algunas partes buenas,2
ğŸ˜ mÃ¡s o menos,2
ni fu ni fa,2
ğŸ˜ algo aburrida,2
podrÃ­a ser mejor,2
mÃ¡s o menos de verdad,2
ğŸ˜´ podrÃ­a ser mejor,2
algo aburrida,2
algunas partes buenas,2
ğŸ’© medio pelo,2
algunas partes buenas,2
medio pelo en serio,2
podrÃ­a ser mejor,2
ni fu ni fa mal,2
ğŸ˜´ algo aburrida,2
ni fu ni fa mal,2
ğŸ’© algunas partes buenas,2
algo aburrida mal,2
zafa con lo justo demasiado,2
zafa con lo justo,2
ğŸ¬ algunas partes buenas,2
aceptable pero meh,2
guion flojito,2
algo aburrida demasiado,2
ğŸ˜ guion flojito,2
medio pelo,2
zafa con lo justo,2
algo aburrida,2
ğŸ˜´ medio pelo,2
algunas partes buenas de verdad,2
aceptable pero meh mal,2
algo aburrida,2
algo aburrida,2
ğŸ”¥ ni fu ni fa,2
zafa con lo justo,2
guion flojito,2
algunas partes buenas,2
guion flojito en serio,2
zafa con lo justo,2
ğŸ˜­ aceptable pero meh,2
regular,2
ğŸ˜ regular,2
ni fu ni fa posta,2
guion flojito,2
ğŸ˜­ mÃ¡s o menos,2
ğŸ˜­ podrÃ­a ser mejor,2
zafa con lo justo,2
algo aburrida mucho,2
algo aburrida mal,2
mÃ¡s o menos posta,2
aceptable pero meh,2
aceptable pero meh,2
mÃ¡s o menos,2
ni fu ni fa,2
ğŸ¬ medio pelo,2
podrÃ­a ser mejor en serio,2
ğŸ”¥ regular,2
ğŸ’© mÃ¡s o menos,2
mÃ¡s o menos mal,2
ğŸ”¥ algo aburrida,2
algo aburrida,2
algunas partes buenas,2
guion flojito demasiado,2
algunas partes buenas,2
podrÃ­a ser mejor posta,2
guion flojito en serio,2
medio pelo,2
ğŸ˜ ni fu ni fa,2
algo aburrida,2
regular,2
ğŸ”¥ ni fu ni fa,2
algo aburrida,2
guion flojito de verdad,2
zafa con lo justo mal,2
algunas partes buenas,2
ğŸ˜­ guion flojito,2
zafa con lo justo de verdad,2
guion flojito posta,2
guion flojito,2
ni fu ni fa,2
ni fu ni fa,2
ğŸ˜´ algo aburrida,2
ni fu ni fa mal,2
mÃ¡s o menos,2
ğŸ˜ podrÃ­a ser mejor,2
ğŸ¬ guion flojito,2
podrÃ­a ser mejor en serio,2
ğŸ”¥ algunas partes buenas,2
zafa con lo justo posta,2
algo aburrida,2
podrÃ­a ser mejor en serio,2
ğŸ˜­ mÃ¡s o menos,2
mÃ¡s o menos,2
regular mucho,2
guion flojito mal,2
ğŸ˜­ guion flojito,2
aceptable pero meh en serio,2
aceptable pero meh,2
mÃ¡s o menos,2
zafa con lo justo mal,2
ğŸ˜ regular,2
aceptable pero meh,2
algo aburrida mucho,2
zafa con lo justo,2
ğŸ¬ ni fu ni fa,2
ni fu ni fa mal,2
ğŸ˜´ algunas partes buenas,2
mÃ¡s o menos mal,2
guion flojito,2
ğŸ¬ aceptable pero meh,2
guion flojito demasiado,2
algo aburrida,2
ğŸ˜´ regular,2
algunas partes buenas,2
mÃ¡s o menos,2
algo aburrida,2
zafa con lo justo,2
medio pelo en serio,2
guion flojito,2
podrÃ­a ser mejor,2
regular en serio,2
ni fu ni fa,2
mÃ¡s o menos,2
ni fu ni fa,2
regular de verdad,2
medio pelo,2
regular,2
regular,2
algunas partes buenas,2
ğŸ˜´ algo aburrida,2
ğŸ”¥ algo aburrida,2
algunas partes buenas posta,2
ğŸ”¥ algunas partes buenas,2
ğŸ”¥ guion flojito,2
regular mal,2
regular,2
aceptable pero meh,2
ğŸ’© algunas partes buenas,2
ni fu ni fa,2
medio pelo,2
medio pelo,2
regular,2
algunas partes buenas,2
ğŸ¬ algunas partes buenas,2
ni fu ni fa,2
ğŸ¬ zafa con lo justo,2
guion flojito,2
podrÃ­a ser mejor posta,2
ğŸ’© podrÃ­a ser mejor,2
zafa con lo justo,2
ğŸ”¥ guion flojito,2
ni fu ni fa en serio,2
ğŸ˜´ medio pelo,2
regular,2
algo aburrida,2
guion flojito,2
ğŸ˜­ medio pelo,2
regular,2
algunas partes buenas mucho,2
podrÃ­a ser mejor,2
guion flojito mal,2
ğŸ˜ zafa con lo justo,2
algo aburrida,2
ni fu ni fa de verdad,2
mÃ¡s o menos,2
ni fu ni fa,2
ğŸ˜ ni fu ni fa,2
guion flojito,2
regular,2
mÃ¡s o menos,2
medio pelo,2
aceptable pero meh,2
algunas partes buenas,2
guion flojito demasiado,2
guion flojito,2
ğŸ˜­ guion flojito,2
aceptable pero meh,2
mÃ¡s o menos en serio,2
guion flojito,2
ğŸ˜ medio pelo,2
ğŸ˜´ aceptable pero meh,2
algunas partes buenas,2
mÃ¡s o menos posta,2
ğŸ˜´ aceptable pero meh,2
zafa con lo justo,2
mÃ¡s o menos,2
ğŸ’© guion flojito,2
ğŸ˜­ podrÃ­a ser mejor,2
ğŸ˜­ guion flojito,2
algunas partes buenas,2
ğŸ¬ ni fu ni fa,2
guion flojito demasiado,2
medio pelo,2
algunas partes buenas,2
algo aburrida,2
zafa con lo justo de verdad,2
podrÃ­a ser mejor,2
podrÃ­a ser mejor en serio,2
aceptable pero meh,2
ğŸ˜ zafa con lo justo,2
algo aburrida,2
podrÃ­a ser mejor,2
podrÃ­a ser mejor,2
ğŸ˜­ algunas partes buenas,2
ğŸ˜ medio pelo,2
medio pelo mucho,2
algunas partes buenas,2
medio pelo posta,2
podrÃ­a ser mejor,2
regular,2
regular,2
algo aburrida,2
algo aburrida,2
guion flojito,2
podrÃ­a ser mejor,2
mÃ¡s o menos,2
podrÃ­a ser mejor de verdad,2
ğŸ˜­ ni fu ni fa,2
podrÃ­a ser mejor,2
ğŸ’© ni fu ni fa,2
aceptable pero meh,2
ğŸ˜´ algo aburrida,2
ğŸ’© aceptable pero meh,2
zafa con lo justo,2
zafa con lo justo,2
ğŸ˜­ zafa con lo justo,2
zafa con lo justo,2
ğŸ”¥ mÃ¡s o menos,2
podrÃ­a ser mejor posta,2
algunas partes buenas,2
podrÃ­a ser mejor,2
ğŸ˜ mÃ¡s o menos,2
ğŸ˜ algo aburrida,2
zafa con lo justo,2
ğŸ˜ algunas partes buenas,2
zafa con lo justo posta,2
regular,2
ğŸ˜­ mÃ¡s o menos,2
ğŸ¬ algo aburrida,2
aceptable pero meh,2
ğŸ¬ aceptable pero meh,2
algo aburrida,2
guion flojito,2
regular mal,2
algo aburrida,2
algunas partes buenas,2
ni fu ni fa mal,2
ni fu ni fa,2
guion flojito,2
zafa con lo justo,2
algo aburrida,2
ğŸ˜´ algo aburrida,2
aceptable pero meh,2
ğŸ”¥ podrÃ­a ser mejor,2
ğŸ˜´ medio pelo,2
ğŸ˜´ algo aburrida,2
ğŸ˜­ guion flojito,2
mÃ¡s o menos,2
aceptable pero meh,2
aceptable pero meh,2
podrÃ­a ser mejor en serio,2
guion flojito,2
ğŸ˜­ podrÃ­a ser mejor,2
zafa con lo justo,2
zafa con lo justo,2
ğŸ˜ medio pelo,2
ğŸ’© mÃ¡s o menos,2
regular,2
ğŸ˜´ ni fu ni fa,2
guion flojito,2
regular,2
zafa con lo justo,2
algo aburrida,2
aceptable pero meh posta,2
regular,2
podrÃ­a ser mejor demasiado,2
aceptable pero meh demasiado,2
guion flojito,2
mÃ¡s o menos,2
podrÃ­a ser mejor,2
guion flojito,2
medio pelo de verdad,2
zafa con lo justo en serio,2
medio pelo,2
medio pelo,2
medio pelo posta,2
ğŸ¬ ni fu ni fa,2
ğŸ˜­ mÃ¡s o menos,2
algo aburrida posta,2
zafa con lo justo demasiado,2
aceptable pero meh,2
ğŸ˜´ algunas partes buenas,2
ğŸ¬ mÃ¡s o menos,2
aceptable pero meh,2
algo aburrida demasiado,2
ni fu ni fa,2
ğŸ¬ medio pelo,2
medio pelo demasiado,2
algo aburrida,2
ğŸ¬ algunas partes buenas,2
mÃ¡s o menos demasiado,2
algo aburrida,2
mÃ¡s o menos mucho,2
guion flojito,2
algo aburrida,2
algunas partes buenas,2
ni fu ni fa mucho,2
guion flojito,2
zafa con lo justo,2
podrÃ­a ser mejor demasiado,2
ğŸ˜­ guion flojito,2
regular,2
aceptable pero meh,2
zafa con lo justo,2
ğŸ˜­ podrÃ­a ser mejor,2
algunas partes buenas,2
algo aburrida,2
algunas partes buenas,2
algunas partes buenas posta,2
ğŸ’© algo aburrida,2
ni fu ni fa,2
guion flojito,2
ğŸ¬ zafa con lo justo,2
ğŸ¬ podrÃ­a ser mejor,2
ğŸ’© regular,2
guion flojito de verdad,2
medio pelo,2
aceptable pero meh,2
algo aburrida,2
ğŸ˜ podrÃ­a ser mejor,2
regular,2
mÃ¡s o menos,2
algunas partes buenas mucho,2
algo aburrida,2
mÃ¡s o menos,2
ni fu ni fa de verdad,2
ğŸ¬ podrÃ­a ser mejor,2
guion flojito,2
zafa con lo justo,2
algo aburrida,2
ni fu ni fa,2
podrÃ­a ser mejor,2
ğŸ˜ algunas partes buenas,2
zafa con lo justo,2
zafa con lo justo,2
ğŸ˜´ ni fu ni fa,2
algunas partes buenas,2
algo aburrida mal,2
ğŸ˜´ aceptable pero meh,2
algunas partes buenas,2
ğŸ”¥ ni fu ni fa,2
guion flojito,2
aceptable pero meh de verdad,2
guion flojito,2
medio pelo,2
algo aburrida,2
ğŸ˜´ regular,2
mÃ¡s o menos,2
medio pelo de verdad,2
podrÃ­a ser mejor,2
ğŸ”¥ podrÃ­a ser mejor,2
algunas partes buenas posta,2
ni fu ni fa,2
podrÃ­a ser mejor,2
medio pelo,2
ğŸ˜­ podrÃ­a ser mejor,2
mÃ¡s o menos,2
ğŸ¬ ni fu ni fa,2
podrÃ­a ser mejor,2
ğŸ’© mÃ¡s o menos,2
regular,2
algo aburrida demasiado,2
ğŸ˜ podrÃ­a ser mejor,2
aceptable pero meh en serio,2
podrÃ­a ser mejor demasiado,2
regular,2
guion flojito,2
ni fu ni fa en serio,2
algunas partes buenas,2
aceptable pero meh,2
algunas partes buenas posta,2
aceptable pero meh en serio,2
ni fu ni fa,2
medio pelo,2
ğŸ”¥ algo aburrida,2
medio pelo,2
ni fu ni fa,2
ğŸ’© mÃ¡s o menos,2
ğŸ¬ regular,2
ni fu ni fa,2
mÃ¡s o menos,2
mÃ¡s o menos,2
ğŸ˜ zafa con lo justo,2
aceptable pero meh,2
ğŸ˜ medio pelo,2
zafa con lo justo mucho,2
guion flojito,2
ğŸ˜­ podrÃ­a ser mejor,2
regular en serio,2
zafa con lo justo,2
algunas partes buenas,2
algunas partes buenas en serio,2
regular,2
medio pelo,2
podrÃ­a ser mejor,2
ğŸ”¥ guion flojito,2
ğŸ’© zafa con lo justo,2
ğŸ˜­ guion flojito,2
guion flojito,2
ğŸ¬ guion flojito,2
regular,2
ğŸ’© podrÃ­a ser mejor,2
ni fu ni fa posta,2
regular,2
ğŸ’© mÃ¡s o menos,2
regular de verdad,2
ni fu ni fa,2
ğŸ˜­ medio pelo,2
algo aburrida,2
algo aburrida de verdad,2
guion flojito,2
guion flojito demasiado,2
zafa con lo justo mucho,2
guion flojito,2
ğŸ’© mÃ¡s o menos,2
algunas partes buenas de verdad,2
regular,2
ğŸ”¥ aceptable pero meh,2
ğŸ”¥ aceptable pero meh,2
podrÃ­a ser mejor,2
ğŸ˜´ podrÃ­a ser mejor,2
aceptable pero meh,2
ğŸ˜­ mÃ¡s o menos,2
algo aburrida,2
guion flojito,2
algunas partes buenas,2
aceptable pero meh,2
aceptable pero meh mucho,2
medio pelo,2
podrÃ­a ser mejor,2
ğŸ˜´ regular,2
ğŸ˜´ aceptable pero meh,2
ğŸ”¥ algunas partes buenas,2
algunas partes buenas,2
algunas partes buenas,2
zafa con lo justo,2
ğŸ˜­ aceptable pero meh,2
mÃ¡s o menos,2
ğŸ˜ mÃ¡s o menos,2
ğŸ˜­ zafa con lo justo,2
ğŸ”¥ guion flojito,2
ğŸ˜´ aceptable pero meh,2
algunas partes buenas,2
guion flojito posta,2
ğŸ˜­ ni fu ni fa,2
ğŸ˜­ mÃ¡s o menos,2
algo aburrida mal,2
ğŸ˜­ algo aburrida,2
guion flojito,2
mÃ¡s o menos,2
mÃ¡s o menos,2
aceptable pero meh posta,2
ğŸ’© zafa con lo justo,2
ni fu ni fa demasiado,2
podrÃ­a ser mejor,2
ğŸ¬ regular,2
ğŸ˜´ guion flojito,2
ğŸ”¥ zafa con lo justo,2
guion flojito,2
guion flojito mucho,2
ğŸ’© aceptable pero meh,2
algo aburrida,2
aceptable pero meh,2
mÃ¡s o menos,2
zafa con lo justo,2
mÃ¡s o menos,2
ğŸ’© guion flojito,2
ğŸ˜ regular,2
medio pelo demasiado,2
aceptable pero meh mucho,2
medio pelo,2
ğŸ”¥ podrÃ­a ser mejor,2
guion flojito posta,2
mÃ¡s o menos,2
mÃ¡s o menos,2
ğŸ¬ guion flojito,2
aceptable pero meh,2
medio pelo,2
podrÃ­a ser mejor demasiado,2
algo aburrida posta,2
podrÃ­a ser mejor mal,2
guion flojito de verdad,2
zafa con lo justo demasiado,2
ğŸ˜ podrÃ­a ser mejor,2
zafa con lo justo,2
algo aburrida posta,2
ğŸ¬ guion flojito,2
medio pelo,2
ğŸ”¥ regular,2
regular de verdad,2
guion flojito,2
algo aburrida,2
mÃ¡s o menos,2
ğŸ’© regular,2
podrÃ­a ser mejor,2
ğŸ¬ medio pelo,2
guion flojito,2
ğŸ¬ algo aburrida,2
medio pelo posta,2
guion flojito,2
ğŸ˜´ zafa con lo justo,2
ğŸ”¥ medio pelo,2
ğŸ˜­ algo aburrida,2
aceptable pero meh,2
podrÃ­a ser mejor,2
ğŸ˜´ ni fu ni fa,2
aceptable pero meh,2
regular,2
zafa con lo justo,2
regular en serio,2
aceptable pero meh de verdad,2
aceptable pero meh,2
podrÃ­a ser mejor demasiado,2
regular,2
regular,2
medio pelo en serio,2
regular mal,2
guion flojito,2
mÃ¡s o menos,2
medio pelo,2
aceptable pero meh,2
ğŸ¬ algo aburrida,2
aceptable pero meh,2
podrÃ­a ser mejor,2
ğŸ˜ ni fu ni fa,2
algunas partes buenas,2
ğŸ˜ podrÃ­a ser mejor,2
ğŸ¬ mÃ¡s o menos,2
aceptable pero meh de verdad,2
ğŸ˜ medio pelo,2
ğŸ˜­ medio pelo,2
algo aburrida,2
zafa con lo justo,2
mÃ¡s o menos,2
regular en serio,2
algunas partes buenas,2
mÃ¡s o menos,2
regular mucho,2
ğŸ¬ mÃ¡s o menos,2
ğŸ˜­ guion flojito,2
aceptable pero meh de verdad,2
aceptable pero meh,2
ğŸ˜­ guion flojito,2
regular,2
aceptable pero meh,2
aceptable pero meh,2
guion flojito,2
ğŸ”¥ podrÃ­a ser mejor,2
guion flojito demasiado,2
regular posta,2
guion flojito,2
regular,2
mÃ¡s o menos en serio,2
ğŸ˜ mÃ¡s o menos,2
ğŸ¬ podrÃ­a ser mejor,2
medio pelo,2
ğŸ˜ podrÃ­a ser mejor,2
ğŸ¬ aceptable pero meh,2
ğŸ˜­ algunas partes buenas,2
ğŸ˜ guion flojito,2
ğŸ’© medio pelo,2
aceptable pero meh,2
guion flojito,2
guion flojito,2
podrÃ­a ser mejor,2
guion flojito,2
podrÃ­a ser mejor,2
mÃ¡s o menos,2
ni fu ni fa,2
zafa con lo justo,2
algunas partes buenas,2
zafa con lo justo,2
algunas partes buenas mucho,2
ğŸ˜ algo aburrida,2
regular mucho,2
ğŸ˜´ regular,2
regular mucho,2
podrÃ­a ser mejor posta,2
ni fu ni fa,2
re normal,3
re normal,3
me gustÃ³ un poco mal,3
normalita,3
entretenida a ratos de verdad,3
ğŸ”¥ decente,3
ğŸ’© normalita,3
normalita,3
ğŸ¬ normalita,3
ğŸ’© normalita,3
buena para pasar el rato,3
no estÃ¡ mal de verdad,3
ğŸ˜ simple,3
ğŸ˜ re normal,3
decente de verdad,3
entretenida a ratos,3
ğŸ˜­ me gustÃ³ un poco,3
ok mucho,3
re normal mucho,3
normalita,3
meh,3
normalita,3
ok,3
decente mal,3
ğŸ”¥ re normal,3
ğŸ˜´ simple,3
buena para pasar el rato,3
no estÃ¡ mal,3
ok,3
ğŸ˜ simple,3
ğŸ’© re normal,3
no estÃ¡ mal,3
decente,3
ok,3
entretenida a ratos,3
buena para pasar el rato,3
ğŸ¬ buena para pasar el rato,3
ğŸ˜ entretenida a ratos,3
ğŸ˜­ entretenida a ratos,3
normalita mal,3
simple,3
no estÃ¡ mal,3
me gustÃ³ un poco,3
meh,3
me gustÃ³ un poco,3
no estÃ¡ mal,3
normalita,3
ğŸ¬ simple,3
ok de verdad,3
buena para pasar el rato,3
ğŸ˜ ok,3
buena para pasar el rato mal,3
ğŸ˜´ entretenida a ratos,3
ğŸ”¥ re normal,3
ğŸ¬ no estÃ¡ mal,3
re normal posta,3
re normal,3
ğŸ”¥ normalita,3
ğŸ˜ meh,3
ok,3
ğŸ˜­ buena para pasar el rato,3
simple,3
decente,3
ğŸ˜´ me gustÃ³ un poco,3
simple,3
ğŸ˜­ no estÃ¡ mal,3
decente,3
simple en serio,3
no estÃ¡ mal,3
ğŸ’© no estÃ¡ mal,3
re normal,3
ok,3
meh en serio,3
ğŸ˜­ buena para pasar el rato,3
ğŸ˜´ meh,3
simple,3
entretenida a ratos mal,3
ok,3
entretenida a ratos de verdad,3
re normal,3
me gustÃ³ un poco de verdad,3
simple,3
meh mal,3
simple,3
ğŸ’© meh,3
ğŸ˜´ decente,3
ğŸ˜´ no estÃ¡ mal,3
ok,3
ğŸ˜´ re normal,3
me gustÃ³ un poco,3
ğŸ˜­ re normal,3
simple,3
ğŸ’© ok,3
re normal,3
ok mucho,3
buena para pasar el rato,3
re normal de verdad,3
ğŸ˜ simple,3
no estÃ¡ mal,3
entretenida a ratos,3
ğŸ¬ normalita,3
re normal,3
simple,3
ğŸ˜ normalita,3
decente,3
ok,3
ok,3
me gustÃ³ un poco,3
re normal,3
re normal,3
no estÃ¡ mal de verdad,3
ğŸ’© me gustÃ³ un poco,3
ok,3
ğŸ˜­ ok,3
entretenida a ratos,3
ğŸ’© no estÃ¡ mal,3
ğŸ¬ entretenida a ratos,3
simple mal,3
ok,3
ğŸ’© entretenida a ratos,3
ğŸ”¥ ok,3
ok,3
entretenida a ratos posta,3
ğŸ¬ simple,3
ğŸ˜­ meh,3
normalita,3
meh mal,3
ok,3
normalita,3
re normal,3
ğŸ”¥ meh,3
ğŸ˜´ ok,3
entretenida a ratos,3
ok,3
ğŸ˜ re normal,3
buena para pasar el rato,3
simple posta,3
decente,3
ok,3
ğŸ˜ re normal,3
no estÃ¡ mal,3
decente,3
normalita,3
me gustÃ³ un poco,3
buena para pasar el rato,3
re normal posta,3
me gustÃ³ un poco,3
buena para pasar el rato,3
normalita,3
ğŸ’© decente,3
buena para pasar el rato,3
ğŸ˜ re normal,3
re normal,3
no estÃ¡ mal,3
ğŸ’© entretenida a ratos,3
normalita de verdad,3
entretenida a ratos mucho,3
decente en serio,3
ğŸ’© ok,3
ğŸ”¥ entretenida a ratos,3
ğŸ¬ entretenida a ratos,3
buena para pasar el rato,3
ğŸ˜ buena para pasar el rato,3
normalita,3
decente en serio,3
buena para pasar el rato,3
no estÃ¡ mal,3
simple,3
normalita demasiado,3
ok,3
decente,3
me gustÃ³ un poco posta,3
no estÃ¡ mal,3
ok,3
simple,3
normalita,3
me gustÃ³ un poco,3
ğŸ˜´ entretenida a ratos,3
no estÃ¡ mal,3
buena para pasar el rato de verdad,3
ğŸ¬ normalita,3
re normal,3
re normal,3
ğŸ˜´ no estÃ¡ mal,3
meh de verdad,3
entretenida a ratos,3
ğŸ’© buena para pasar el rato,3
ğŸ˜­ decente,3
re normal de verdad,3
ğŸ”¥ no estÃ¡ mal,3
buena para pasar el rato de verdad,3
entretenida a ratos mal,3
ğŸ’© no estÃ¡ mal,3
normalita,3
meh,3
ğŸ”¥ ok,3
buena para pasar el rato,3
ğŸ˜ me gustÃ³ un poco,3
buena para pasar el rato,3
ğŸ’© me gustÃ³ un poco,3
normalita,3
re normal,3
re normal,3
ğŸ’© re normal,3
buena para pasar el rato,3
entretenida a ratos,3
buena para pasar el rato,3
normalita mucho,3
no estÃ¡ mal,3
normalita demasiado,3
ğŸ”¥ simple,3
buena para pasar el rato,3
meh,3
ok,3
ğŸ¬ decente,3
meh,3
entretenida a ratos posta,3
ğŸ’© decente,3
meh,3
me gustÃ³ un poco,3
ok de verdad,3
normalita,3
me gustÃ³ un poco demasiado,3
ok,3
me gustÃ³ un poco,3
normalita,3
ğŸ˜ normalita,3
ğŸ˜­ no estÃ¡ mal,3
simple en serio,3
ğŸ’© normalita,3
ğŸ˜­ decente,3
simple,3
meh,3
simple mal,3
ok,3
ğŸ’© ok,3
ğŸ’© no estÃ¡ mal,3
entretenida a ratos,3
ğŸ’© meh,3
normalita mucho,3
meh,3
ok,3
no estÃ¡ mal posta,3
meh mal,3
ğŸ”¥ entretenida a ratos,3
ğŸ˜­ me gustÃ³ un poco,3
buena para pasar el rato,3
meh,3
re normal,3
decente,3
ğŸ’© re normal,3
re normal,3
no estÃ¡ mal,3
normalita,3
entretenida a ratos,3
meh,3
re normal,3
ok,3
ğŸ˜ simple,3
meh,3
ok en serio,3
ğŸ”¥ me gustÃ³ un poco,3
ğŸ’© no estÃ¡ mal,3
ok,3
me gustÃ³ un poco,3
buena para pasar el rato,3
simple,3
buena para pasar el rato demasiado,3
entretenida a ratos de verdad,3
ok,3
ok,3
ğŸ˜­ entretenida a ratos,3
ğŸ˜´ simple,3
meh posta,3
ğŸ”¥ ok,3
re normal,3
ğŸ’© ok,3
no estÃ¡ mal,3
ğŸ”¥ ok,3
ğŸ¬ re normal,3
re normal,3
buena para pasar el rato,3
entretenida a ratos mal,3
no estÃ¡ mal,3
normalita,3
simple,3
meh,3
re normal,3
ğŸ˜´ normalita,3
buena para pasar el rato,3
re normal,3
ğŸ”¥ me gustÃ³ un poco,3
ğŸ˜ simple,3
entretenida a ratos,3
no estÃ¡ mal,3
me gustÃ³ un poco,3
meh de verdad,3
no estÃ¡ mal mal,3
buena para pasar el rato,3
entretenida a ratos,3
entretenida a ratos,3
no estÃ¡ mal de verdad,3
entretenida a ratos,3
ğŸ˜´ normalita,3
ğŸ˜ normalita,3
re normal,3
ğŸ’© simple,3
no estÃ¡ mal,3
meh mal,3
normalita en serio,3
decente,3
no estÃ¡ mal,3
ğŸ˜ meh,3
entretenida a ratos posta,3
no estÃ¡ mal posta,3
ğŸ’© me gustÃ³ un poco,3
no estÃ¡ mal,3
ğŸ¬ no estÃ¡ mal,3
normalita posta,3
decente,3
ğŸ’© ok,3
normalita mal,3
me gustÃ³ un poco,3
ğŸ’© normalita,3
ğŸ’© no estÃ¡ mal,3
ğŸ”¥ entretenida a ratos,3
me gustÃ³ un poco,3
ğŸ’© simple,3
re normal posta,3
decente,3
decente,3
me gustÃ³ un poco,3
no estÃ¡ mal,3
entretenida a ratos,3
entretenida a ratos,3
simple,3
ğŸ˜­ meh,3
no estÃ¡ mal,3
ğŸ’© normalita,3
ğŸ˜­ decente,3
ok,3
me gustÃ³ un poco,3
simple,3
ğŸ¬ entretenida a ratos,3
simple,3
ğŸ˜´ me gustÃ³ un poco,3
no estÃ¡ mal,3
entretenida a ratos,3
me gustÃ³ un poco,3
meh posta,3
normalita,3
ğŸ˜´ decente,3
meh,3
decente,3
me gustÃ³ un poco,3
ğŸ”¥ decente,3
normalita,3
ğŸ˜­ meh,3
ğŸ¬ simple,3
no estÃ¡ mal en serio,3
me gustÃ³ un poco,3
normalita,3
ğŸ˜­ me gustÃ³ un poco,3
entretenida a ratos,3
ğŸ¬ re normal,3
no estÃ¡ mal,3
no estÃ¡ mal,3
no estÃ¡ mal de verdad,3
ğŸ’© buena para pasar el rato,3
entretenida a ratos,3
meh en serio,3
no estÃ¡ mal de verdad,3
re normal,3
no estÃ¡ mal,3
normalita,3
ğŸ’© ok,3
decente,3
buena para pasar el rato,3
ğŸ¬ me gustÃ³ un poco,3
normalita,3
simple,3
ğŸ˜­ meh,3
re normal,3
ğŸ˜´ me gustÃ³ un poco,3
simple,3
ok,3
ok posta,3
me gustÃ³ un poco demasiado,3
normalita,3
entretenida a ratos,3
entretenida a ratos,3
decente posta,3
decente mucho,3
simple,3
me gustÃ³ un poco,3
me gustÃ³ un poco posta,3
ğŸ˜­ ok,3
ok demasiado,3
ğŸ”¥ re normal,3
no estÃ¡ mal,3
normalita mal,3
normalita mucho,3
entretenida a ratos,3
ğŸ’© no estÃ¡ mal,3
ok,3
re normal,3
no estÃ¡ mal,3
meh,3
ğŸ˜­ no estÃ¡ mal,3
me gustÃ³ un poco de verdad,3
meh,3
ğŸ˜ decente,3
re normal,3
meh mal,3
ğŸ”¥ no estÃ¡ mal,3
meh,3
ğŸ˜­ decente,3
simple,3
decente,3
re normal,3
meh demasiado,3
ğŸ˜ meh,3
ğŸ˜´ normalita,3
ğŸ”¥ entretenida a ratos,3
ğŸ”¥ re normal,3
meh,3
ğŸ’© simple,3
ğŸ˜ decente,3
normalita,3
ğŸ’© simple,3
decente mucho,3
ğŸ˜´ me gustÃ³ un poco,3
entretenida a ratos,3
entretenida a ratos,3
meh de verdad,3
ğŸ”¥ ok,3
normalita en serio,3
ğŸ˜ buena para pasar el rato,3
ğŸ¬ no estÃ¡ mal,3
buena para pasar el rato,3
no estÃ¡ mal,3
no estÃ¡ mal posta,3
meh demasiado,3
ok,3
decente,3
normalita,3
ğŸ˜ no estÃ¡ mal,3
ğŸ’© ok,3
ğŸ˜ decente,3
ğŸ˜­ no estÃ¡ mal,3
meh,3
ğŸ”¥ buena para pasar el rato,3
ğŸ˜´ buena para pasar el rato,3
ok de verdad,3
normalita,3
re normal,3
decente,3
buena para pasar el rato,3
ğŸ˜´ simple,3
normalita,3
decente,3
no estÃ¡ mal de verdad,3
decente,3
normalita,3
simple,3
entretenida a ratos mucho,3
no estÃ¡ mal en serio,3
me gustÃ³ un poco mal,3
decente,3
ok,3
buena para pasar el rato,3
meh posta,3
ğŸ’© meh,3
meh,3
me gustÃ³ un poco mal,3
decente mal,3
decente,3
decente,3
ğŸ˜­ re normal,3
simple,3
ğŸ˜­ entretenida a ratos,3
decente mal,3
normalita,3
decente en serio,3
normalita,3
no estÃ¡ mal de verdad,3
entretenida a ratos mucho,3
ğŸ˜´ meh,3
ğŸ’© buena para pasar el rato,3
re normal,3
decente mal,3
re normal de verdad,3
re normal de verdad,3
simple,3
no estÃ¡ mal mal,3
ğŸ˜ ok,3
normalita,3
ğŸ˜­ simple,3
ğŸ˜´ buena para pasar el rato,3
ğŸ˜´ entretenida a ratos,3
normalita mal,3
ğŸ¬ me gustÃ³ un poco,3
ğŸ˜­ no estÃ¡ mal,3
ğŸ¬ ok,3
ğŸ˜´ simple,3
entretenida a ratos posta,3
me gustÃ³ un poco,3
meh,3
normalita,3
no estÃ¡ mal,3
ğŸ’© no estÃ¡ mal,3
ğŸ¬ simple,3
ğŸ˜­ decente,3
ğŸ¬ ok,3
no estÃ¡ mal,3
no estÃ¡ mal de verdad,3
ğŸ”¥ no estÃ¡ mal,3
ğŸ¬ decente,3
meh,3
ok,3
me gustÃ³ un poco,3
decente mucho,3
ğŸ”¥ normalita,3
ğŸ”¥ no estÃ¡ mal,3
normalita,3
meh,3
decente,3
ğŸ˜´ ok,3
ğŸ˜´ me gustÃ³ un poco,3
simple en serio,3
entretenida a ratos de verdad,3
ğŸ’© normalita,3
ğŸ˜´ entretenida a ratos,3
buena para pasar el rato posta,3
buena para pasar el rato,3
ğŸ˜­ buena para pasar el rato,3
simple,3
normalita,3
entretenida a ratos,3
re normal,3
ok de verdad,3
normalita,3
simple,3
ğŸ˜´ ok,3
ğŸ˜ meh,3
re normal,3
ok posta,3
ok,3
decente,3
me gustÃ³ un poco mal,3
meh,3
decente en serio,3
ğŸ˜ normalita,3
simple,3
no estÃ¡ mal,3
decente mucho,3
no estÃ¡ mal,3
ğŸ”¥ re normal,3
ğŸ”¥ simple,3
re normal,3
decente,3
ğŸ”¥ decente,3
buena para pasar el rato,3
ğŸ˜ normalita,3
ğŸ˜­ ok,3
normalita posta,3
buena para pasar el rato posta,3
ok en serio,3
re normal,3
ğŸ”¥ decente,3
no estÃ¡ mal de verdad,3
simple en serio,3
ğŸ’© normalita,3
decente,3
ğŸ˜­ re normal,3
no estÃ¡ mal demasiado,3
re normal,3
ok demasiado,3
ğŸ”¥ no estÃ¡ mal,3
no estÃ¡ mal,3
meh,3
ğŸ˜´ normalita,3
normalita posta,3
normalita,3
ğŸ’© ok,3
ğŸ˜­ no estÃ¡ mal,3
ğŸ˜ no estÃ¡ mal,3
normalita,3
ğŸ˜´ re normal,3
ğŸ’© simple,3
ğŸ’© simple,3
ğŸ˜­ buena para pasar el rato,3
ğŸ’© re normal,3
meh,3
ğŸ˜´ meh,3
re normal,3
buena para pasar el rato de verdad,3
decente,3
ğŸ’© meh,3
meh mal,3
ğŸ”¥ normalita,3
ğŸ˜´ simple,3
normalita demasiado,3
no estÃ¡ mal,3
meh,3
ğŸ¬ ok,3
ğŸ¬ entretenida a ratos,3
meh,3
meh,3
normalita,3
normalita demasiado,3
buena para pasar el rato de verdad,3
buena para pasar el rato,3
buena para pasar el rato,3
meh,3
normalita posta,3
no estÃ¡ mal,3
me gustÃ³ un poco mal,3
ğŸ¬ buena para pasar el rato,3
ğŸ˜´ normalita,3
entretenida a ratos,3
no estÃ¡ mal,3
normalita,3
ok,3
decente,3
ok,3
no estÃ¡ mal,3
ok de verdad,3
ok mucho,3
me gustÃ³ un poco,3
simple,3
ğŸ”¥ normalita,3
decente,3
ğŸ”¥ ok,3
simple demasiado,3
normalita mal,3
ğŸ’© entretenida a ratos,3
ğŸ˜ re normal,3
ğŸ¬ normalita,3
ğŸ’© normalita,3
simple,3
normalita,3
normalita,3
buena para pasar el rato,3
me gustÃ³ un poco,3
ğŸ’© buena para pasar el rato,3
simple posta,3
simple,3
me gustÃ³ un poco,3
re normal,3
no estÃ¡ mal de verdad,3
decente,3
ok mal,3
normalita,3
re normal,3
me gustÃ³ un poco,3
no estÃ¡ mal en serio,3
ğŸ’© no estÃ¡ mal,3
ğŸ˜ meh,3
ğŸ¬ entretenida a ratos,3
normalita mucho,3
simple,3
ğŸ’© decente,3
ğŸ˜ ok,3
ğŸ˜´ re normal,3
ğŸ’© simple,3
ğŸ¬ buena para pasar el rato,3
buena para pasar el rato,3
entretenida a ratos,3
normalita mal,3
ğŸ”¥ decente,3
simple,3
re normal posta,3
normalita demasiado,3
meh posta,3
normalita mucho,3
decente,3
decente,3
normalita,3
ğŸ˜­ no estÃ¡ mal,3
ğŸ˜ no estÃ¡ mal,3
ğŸ”¥ re normal,3
re normal,3
ğŸ¬ simple,3
decente,3
meh,3
normalita en serio,3
re normal posta,3
ğŸ˜´ me gustÃ³ un poco,3
buena para pasar el rato,3
normalita,3
ğŸ¬ me gustÃ³ un poco,3
no estÃ¡ mal,3
normalita,3
re normal,3
no estÃ¡ mal demasiado,3
simple,3
ok,3
normalita posta,3
re normal mal,3
me gustÃ³ un poco,3
me gustÃ³ un poco,3
ğŸ”¥ me gustÃ³ un poco,3
meh,3
ğŸ¬ no estÃ¡ mal,3
meh,3
ğŸ˜­ me gustÃ³ un poco,3
ğŸ˜´ me gustÃ³ un poco,3
simple,3
normalita,3
simple,3
simple,3
no estÃ¡ mal posta,3
simple,3
ğŸ”¥ buena para pasar el rato,3
ğŸ¬ meh,3
ğŸ˜­ no estÃ¡ mal,3
me gustÃ³ un poco,3
ğŸ’© buena para pasar el rato,3
meh,3
ğŸ¬ buena para pasar el rato,3
no estÃ¡ mal,3
normalita,3
re normal mucho,3
ğŸ˜­ ok,3
re normal,3
ğŸ˜´ entretenida a ratos,3
normalita,3
ğŸ˜­ no estÃ¡ mal,3
simple,3
normalita,3
ğŸ”¥ re normal,3
ok,3
normalita posta,3
ok,3
simple,3
buena para pasar el rato,3
meh,3
me gustÃ³ un poco,3
decente,3
ğŸ”¥ entretenida a ratos,3
me gustÃ³ un poco mucho,3
normalita,3
no estÃ¡ mal,3
meh,3
ğŸ’© meh,3
re normal demasiado,3
re normal mal,3
decente en serio,3
ğŸ˜´ no estÃ¡ mal,3
decente mal,3
meh,3
me gustÃ³ un poco,3
ğŸ¬ no estÃ¡ mal,3
ok demasiado,3
buena para pasar el rato,3
no estÃ¡ mal mal,3
ğŸ”¥ simple,3
entretenida a ratos,3
re normal mucho,3
ğŸ˜´ no estÃ¡ mal,3
ok,3
simple,3
normalita,3
normalita,3
normalita posta,3
ğŸ˜ decente,3
no estÃ¡ mal,3
buena para pasar el rato en serio,3
ğŸ’© ok,3
ğŸ˜ no estÃ¡ mal,3
ğŸ˜­ normalita,3
decente mal,3
simple mal,3
ğŸ˜­ entretenida a ratos,3
ğŸ˜ ok,3
ok,3
no estÃ¡ mal,3
ğŸ”¥ buena para pasar el rato,3
simple,3
ğŸ˜ meh,3
ğŸ¬ meh,3
buena para pasar el rato mal,3
entretenida a ratos de verdad,3
me gustÃ³ un poco,3
me gustÃ³ un poco demasiado,3
no estÃ¡ mal,3
me gustÃ³ un poco de verdad,3
normalita,3
ğŸ¬ simple,3
entretenida a ratos,3
ğŸ˜ decente,3
buena para pasar el rato de verdad,3
ğŸ˜ decente,3
ğŸ¬ normalita,3
meh posta,3
ğŸ˜­ ok,3
ğŸ˜´ normalita,3
ok,3
decente,3
me gustÃ³ un poco,3
ğŸ”¥ ok,3
buena para pasar el rato mucho,3
ğŸ”¥ buena para pasar el rato,3
me gustÃ³ un poco,3
re normal,3
ğŸ˜´ re normal,3
ğŸ¬ no estÃ¡ mal,3
entretenida a ratos,3
ğŸ’© me gustÃ³ un poco,3
ğŸ˜´ decente,3
buena para pasar el rato,3
decente posta,3
entretenida a ratos posta,3
ğŸ¬ meh,3
ğŸ¬ entretenida a ratos,3
ğŸ˜­ meh,3
simple mucho,3
entretenida a ratos,3
ğŸ”¥ no estÃ¡ mal,3
ğŸ˜ decente,3
buena para pasar el rato,3
meh,3
no estÃ¡ mal,3
ğŸ˜´ ok,3
ğŸ¬ me gustÃ³ un poco,3
ğŸ˜´ no estÃ¡ mal,3
normalita,3
ok demasiado,3
re normal,3
ğŸ˜´ buena para pasar el rato,3
simple,3
simple mal,3
casi excelente,4
ğŸ¬ actuaciones geniales,4
ğŸ¬ entretenida,4
gran producciÃ³n,4
gran producciÃ³n,4
casi excelente,4
ğŸ’© casi excelente,4
ğŸ¬ muy buena,4
ğŸ’© entretenida,4
buena historia,4
emocionante,4
ğŸ’© muy buena,4
ğŸ¬ casi excelente,4
ğŸ˜­ casi excelente,4
recomendable,4
me gustÃ³ bastante,4
ğŸ”¥ casi excelente,4
recomendable,4
entretenida,4
emocionante,4
gran producciÃ³n,4
ğŸ¬ gran producciÃ³n,4
actuaciones geniales,4
buena historia,4
buena historia mal,4
ğŸ˜­ muy buena,4
buena historia,4
ğŸ”¥ gran producciÃ³n,4
recomendable,4
buen ritmo,4
gran producciÃ³n,4
casi excelente en serio,4
entretenida,4
ğŸ˜´ emocionante,4
ğŸ˜´ buena historia,4
me gustÃ³ bastante,4
recomendable de verdad,4
ğŸ˜´ casi excelente,4
ğŸ˜´ me gustÃ³ bastante,4
emocionante mucho,4
casi excelente mal,4
emocionante,4
ğŸ’© gran producciÃ³n,4
muy buena,4
ğŸ”¥ entretenida,4
ğŸ¬ entretenida,4
emocionante,4
casi excelente,4
ğŸ’© casi excelente,4
muy buena mucho,4
ğŸ˜ casi excelente,4
entretenida demasiado,4
actuaciones geniales posta,4
buen ritmo,4
actuaciones geniales mucho,4
recomendable,4
ğŸ˜­ buena historia,4
ğŸ¬ casi excelente,4
ğŸ’© gran producciÃ³n,4
gran producciÃ³n en serio,4
ğŸ’© casi excelente,4
recomendable,4
muy buena de verdad,4
muy buena,4
actuaciones geniales,4
me gustÃ³ bastante,4
casi excelente,4
gran producciÃ³n,4
ğŸ˜´ emocionante,4
actuaciones geniales en serio,4
actuaciones geniales,4
recomendable mucho,4
ğŸ˜´ muy buena,4
buena historia mal,4
ğŸ˜­ muy buena,4
entretenida,4
buena historia,4
casi excelente,4
emocionante,4
ğŸ˜­ emocionante,4
buen ritmo,4
entretenida posta,4
muy buena,4
ğŸ˜´ recomendable,4
recomendable,4
ğŸ’© actuaciones geniales,4
gran producciÃ³n demasiado,4
me gustÃ³ bastante mucho,4
me gustÃ³ bastante en serio,4
muy buena mucho,4
ğŸ¬ casi excelente,4
muy buena,4
ğŸ”¥ muy buena,4
buen ritmo,4
emocionante,4
me gustÃ³ bastante,4
me gustÃ³ bastante mucho,4
ğŸ’© casi excelente,4
gran producciÃ³n demasiado,4
entretenida,4
casi excelente,4
recomendable,4
buen ritmo posta,4
ğŸ˜ actuaciones geniales,4
buena historia mucho,4
gran producciÃ³n,4
ğŸ˜ entretenida,4
gran producciÃ³n,4
buen ritmo,4
entretenida,4
ğŸ˜´ emocionante,4
casi excelente,4
actuaciones geniales,4
ğŸ˜ buen ritmo,4
recomendable mal,4
me gustÃ³ bastante mucho,4
gran producciÃ³n en serio,4
casi excelente en serio,4
recomendable,4
ğŸ˜ muy buena,4
emocionante posta,4
ğŸ˜­ emocionante,4
ğŸ˜­ gran producciÃ³n,4
me gustÃ³ bastante,4
muy buena,4
ğŸ’© buena historia,4
me gustÃ³ bastante de verdad,4
ğŸ˜´ buena historia,4
muy buena,4
muy buena mal,4
me gustÃ³ bastante,4
ğŸ˜ emocionante,4
gran producciÃ³n,4
ğŸ’© entretenida,4
ğŸ˜­ me gustÃ³ bastante,4
ğŸ˜­ buena historia,4
ğŸ˜´ emocionante,4
ğŸ’© actuaciones geniales,4
recomendable,4
entretenida,4
gran producciÃ³n,4
ğŸ’© muy buena,4
recomendable,4
muy buena,4
recomendable,4
buen ritmo,4
ğŸ”¥ gran producciÃ³n,4
buen ritmo,4
buena historia,4
entretenida posta,4
buen ritmo,4
gran producciÃ³n,4
actuaciones geniales,4
ğŸ˜­ entretenida,4
gran producciÃ³n,4
me gustÃ³ bastante,4
ğŸ˜­ emocionante,4
buen ritmo,4
recomendable,4
ğŸ˜­ muy buena,4
ğŸ˜­ me gustÃ³ bastante,4
casi excelente,4
buen ritmo,4
ğŸ”¥ buena historia,4
entretenida,4
ğŸ¬ casi excelente,4
ğŸ˜­ casi excelente,4
casi excelente,4
muy buena,4
gran producciÃ³n,4
recomendable mal,4
gran producciÃ³n demasiado,4
me gustÃ³ bastante,4
ğŸ’© buena historia,4
ğŸ”¥ casi excelente,4
muy buena,4
emocionante,4
emocionante,4
recomendable,4
buen ritmo,4
me gustÃ³ bastante,4
entretenida,4
me gustÃ³ bastante de verdad,4
ğŸ˜ gran producciÃ³n,4
emocionante en serio,4
actuaciones geniales,4
me gustÃ³ bastante mucho,4
buena historia,4
emocionante,4
emocionante mal,4
actuaciones geniales mal,4
ğŸ’© actuaciones geniales,4
ğŸ˜­ me gustÃ³ bastante,4
buen ritmo,4
ğŸ’© muy buena,4
recomendable,4
muy buena mal,4
recomendable,4
emocionante demasiado,4
ğŸ˜´ muy buena,4
ğŸ¬ emocionante,4
entretenida,4
ğŸ’© buena historia,4
muy buena,4
emocionante,4
muy buena mal,4
me gustÃ³ bastante,4
ğŸ’© me gustÃ³ bastante,4
recomendable,4
buena historia,4
ğŸ˜ buena historia,4
ğŸ˜­ muy buena,4
emocionante,4
muy buena de verdad,4
ğŸ˜´ casi excelente,4
ğŸ¬ me gustÃ³ bastante,4
buen ritmo,4
ğŸ˜´ actuaciones geniales,4
gran producciÃ³n,4
ğŸ˜ casi excelente,4
buena historia,4
buen ritmo,4
gran producciÃ³n,4
ğŸ˜­ emocionante,4
buena historia demasiado,4
emocionante mal,4
recomendable posta,4
ğŸ˜­ emocionante,4
ğŸ¬ emocionante,4
ğŸ”¥ me gustÃ³ bastante,4
gran producciÃ³n,4
ğŸ’© casi excelente,4
ğŸ˜´ actuaciones geniales,4
actuaciones geniales en serio,4
recomendable mal,4
entretenida mal,4
me gustÃ³ bastante,4
ğŸ¬ actuaciones geniales,4
muy buena,4
buen ritmo,4
ğŸ’© recomendable,4
buen ritmo,4
entretenida,4
muy buena,4
actuaciones geniales,4
gran producciÃ³n,4
ğŸ˜´ emocionante,4
gran producciÃ³n,4
me gustÃ³ bastante demasiado,4
ğŸ”¥ actuaciones geniales,4
ğŸ˜ emocionante,4
ğŸ¬ entretenida,4
ğŸ¬ buen ritmo,4
ğŸ¬ recomendable,4
recomendable,4
me gustÃ³ bastante de verdad,4
ğŸ¬ gran producciÃ³n,4
gran producciÃ³n,4
ğŸ’© entretenida,4
actuaciones geniales,4
casi excelente en serio,4
actuaciones geniales demasiado,4
ğŸ˜ me gustÃ³ bastante,4
ğŸ˜­ muy buena,4
ğŸ˜ muy buena,4
gran producciÃ³n demasiado,4
ğŸ˜­ buena historia,4
actuaciones geniales en serio,4
emocionante,4
ğŸ˜ buen ritmo,4
ğŸ’© gran producciÃ³n,4
ğŸ˜ buena historia,4
buen ritmo,4
casi excelente,4
ğŸ˜ me gustÃ³ bastante,4
buen ritmo,4
buen ritmo,4
ğŸ¬ recomendable,4
ğŸ”¥ muy buena,4
ğŸ˜ recomendable,4
buena historia,4
emocionante,4
buena historia,4
me gustÃ³ bastante,4
casi excelente,4
buena historia,4
emocionante,4
casi excelente,4
muy buena,4
emocionante mucho,4
actuaciones geniales,4
ğŸ¬ buen ritmo,4
casi excelente,4
entretenida,4
ğŸ¬ emocionante,4
gran producciÃ³n,4
ğŸ”¥ entretenida,4
ğŸ˜´ emocionante,4
recomendable,4
actuaciones geniales mal,4
entretenida mal,4
buena historia,4
ğŸ˜´ muy buena,4
actuaciones geniales,4
gran producciÃ³n de verdad,4
ğŸ”¥ entretenida,4
ğŸ˜ casi excelente,4
entretenida,4
entretenida en serio,4
casi excelente,4
buen ritmo,4
ğŸ¬ muy buena,4
gran producciÃ³n,4
ğŸ˜´ entretenida,4
me gustÃ³ bastante,4
recomendable,4
ğŸ’© casi excelente,4
recomendable,4
gran producciÃ³n,4
emocionante de verdad,4
ğŸ¬ buena historia,4
muy buena,4
recomendable,4
actuaciones geniales,4
me gustÃ³ bastante demasiado,4
buena historia mucho,4
ğŸ¬ buen ritmo,4
ğŸ¬ me gustÃ³ bastante,4
gran producciÃ³n,4
actuaciones geniales mucho,4
casi excelente,4
ğŸ˜ me gustÃ³ bastante,4
emocionante de verdad,4
emocionante mal,4
muy buena mucho,4
entretenida,4
ğŸ’© gran producciÃ³n,4
casi excelente,4
ğŸ”¥ actuaciones geniales,4
actuaciones geniales en serio,4
casi excelente de verdad,4
ğŸ¬ buen ritmo,4
actuaciones geniales,4
casi excelente,4
muy buena,4
emocionante,4
muy buena,4
ğŸ˜´ buena historia,4
buena historia posta,4
gran producciÃ³n,4
ğŸ˜­ actuaciones geniales,4
casi excelente,4
ğŸ’© buena historia,4
gran producciÃ³n posta,4
muy buena mal,4
ğŸ¬ recomendable,4
gran producciÃ³n,4
actuaciones geniales,4
gran producciÃ³n,4
recomendable,4
ğŸ¬ casi excelente,4
entretenida,4
ğŸ˜´ entretenida,4
buen ritmo,4
entretenida,4
gran producciÃ³n,4
recomendable en serio,4
actuaciones geniales,4
ğŸ¬ entretenida,4
actuaciones geniales,4
gran producciÃ³n de verdad,4
actuaciones geniales demasiado,4
muy buena,4
recomendable,4
casi excelente,4
ğŸ˜ buen ritmo,4
muy buena mal,4
casi excelente,4
buen ritmo,4
muy buena,4
buena historia,4
entretenida posta,4
buen ritmo demasiado,4
buena historia de verdad,4
ğŸ˜´ emocionante,4
ğŸ¬ gran producciÃ³n,4
ğŸ˜­ actuaciones geniales,4
ğŸ˜­ buena historia,4
casi excelente,4
ğŸ˜­ entretenida,4
actuaciones geniales mucho,4
ğŸ˜­ entretenida,4
emocionante demasiado,4
recomendable mucho,4
actuaciones geniales,4
muy buena,4
ğŸ˜­ casi excelente,4
recomendable de verdad,4
buena historia,4
ğŸ˜­ gran producciÃ³n,4
emocionante,4
gran producciÃ³n,4
emocionante,4
recomendable,4
buena historia,4
casi excelente,4
ğŸ”¥ casi excelente,4
buena historia,4
ğŸ˜´ buena historia,4
recomendable,4
recomendable mal,4
actuaciones geniales,4
ğŸ˜­ me gustÃ³ bastante,4
recomendable,4
actuaciones geniales,4
gran producciÃ³n,4
buena historia,4
emocionante,4
casi excelente,4
casi excelente,4
me gustÃ³ bastante posta,4
gran producciÃ³n mal,4
ğŸ˜ gran producciÃ³n,4
ğŸ˜ gran producciÃ³n,4
entretenida mal,4
actuaciones geniales,4
actuaciones geniales,4
buen ritmo en serio,4
emocionante,4
buen ritmo mal,4
buena historia,4
ğŸ˜­ me gustÃ³ bastante,4
ğŸ˜´ gran producciÃ³n,4
ğŸ’© me gustÃ³ bastante,4
muy buena demasiado,4
casi excelente,4
muy buena,4
casi excelente,4
buena historia posta,4
ğŸ˜´ actuaciones geniales,4
recomendable,4
entretenida,4
ğŸ”¥ buena historia,4
casi excelente en serio,4
ğŸ˜ recomendable,4
recomendable,4
recomendable,4
actuaciones geniales,4
recomendable,4
ğŸ”¥ me gustÃ³ bastante,4
ğŸ˜ buena historia,4
ğŸ˜´ me gustÃ³ bastante,4
muy buena,4
ğŸ˜´ muy buena,4
entretenida,4
emocionante mal,4
entretenida,4
buen ritmo,4
ğŸ˜ emocionante,4
buena historia,4
actuaciones geniales,4
emocionante,4
actuaciones geniales,4
entretenida en serio,4
gran producciÃ³n,4
ğŸ˜ entretenida,4
buena historia demasiado,4
ğŸ¬ muy buena,4
ğŸ˜ emocionante,4
actuaciones geniales,4
actuaciones geniales en serio,4
muy buena,4
ğŸ˜­ entretenida,4
ğŸ’© actuaciones geniales,4
recomendable,4
gran producciÃ³n,4
ğŸ˜­ gran producciÃ³n,4
emocionante de verdad,4
recomendable demasiado,4
me gustÃ³ bastante mal,4
ğŸ˜­ casi excelente,4
muy buena,4
actuaciones geniales mucho,4
muy buena,4
buen ritmo mucho,4
buen ritmo,4
entretenida,4
ğŸ˜ muy buena,4
me gustÃ³ bastante mal,4
ğŸ”¥ muy buena,4
emocionante,4
muy buena,4
casi excelente,4
casi excelente,4
casi excelente de verdad,4
me gustÃ³ bastante,4
muy buena,4
buena historia,4
buena historia,4
buena historia,4
ğŸ˜­ actuaciones geniales,4
ğŸ”¥ actuaciones geniales,4
recomendable posta,4
actuaciones geniales en serio,4
actuaciones geniales mal,4
buen ritmo,4
emocionante,4
ğŸ˜ me gustÃ³ bastante,4
ğŸ˜ entretenida,4
buena historia,4
ğŸ˜­ actuaciones geniales,4
emocionante,4
ğŸ”¥ actuaciones geniales,4
ğŸ¬ actuaciones geniales,4
muy buena,4
me gustÃ³ bastante,4
buen ritmo,4
recomendable,4
casi excelente,4
ğŸ˜´ muy buena,4
buen ritmo,4
me gustÃ³ bastante,4
gran producciÃ³n,4
gran producciÃ³n,4
recomendable,4
gran producciÃ³n en serio,4
recomendable,4
ğŸ”¥ actuaciones geniales,4
ğŸ˜´ emocionante,4
actuaciones geniales,4
ğŸ”¥ muy buena,4
actuaciones geniales,4
ğŸ˜ emocionante,4
ğŸ¬ me gustÃ³ bastante,4
muy buena,4
me gustÃ³ bastante,4
me gustÃ³ bastante,4
buena historia,4
ğŸ”¥ casi excelente,4
ğŸ”¥ entretenida,4
me gustÃ³ bastante,4
ğŸ”¥ buen ritmo,4
ğŸ˜ buen ritmo,4
entretenida,4
entretenida,4
casi excelente,4
me gustÃ³ bastante,4
actuaciones geniales,4
entretenida,4
buen ritmo,4
ğŸ˜ recomendable,4
me gustÃ³ bastante,4
buen ritmo mucho,4
entretenida,4
me gustÃ³ bastante en serio,4
ğŸ˜´ entretenida,4
me gustÃ³ bastante mal,4
ğŸ˜´ gran producciÃ³n,4
ğŸ˜­ me gustÃ³ bastante,4
emocionante,4
casi excelente,4
entretenida en serio,4
me gustÃ³ bastante,4
ğŸ˜­ gran producciÃ³n,4
entretenida mal,4
actuaciones geniales mal,4
emocionante,4
buen ritmo,4
casi excelente,4
emocionante,4
ğŸ¬ casi excelente,4
ğŸ˜ recomendable,4
recomendable,4
muy buena mal,4
gran producciÃ³n,4
ğŸ¬ buen ritmo,4
actuaciones geniales en serio,4
ğŸ˜´ me gustÃ³ bastante,4
muy buena de verdad,4
ğŸ˜­ recomendable,4
muy buena,4
ğŸ’© me gustÃ³ bastante,4
me gustÃ³ bastante,4
entretenida,4
gran producciÃ³n demasiado,4
emocionante en serio,4
ğŸ˜ buen ritmo,4
casi excelente,4
casi excelente,4
actuaciones geniales demasiado,4
actuaciones geniales,4
casi excelente,4
casi excelente,4
actuaciones geniales,4
buena historia mucho,4
ğŸ˜´ gran producciÃ³n,4
actuaciones geniales,4
actuaciones geniales mal,4
me gustÃ³ bastante mal,4
ğŸ˜´ buena historia,4
ğŸ˜´ me gustÃ³ bastante,4
recomendable,4
ğŸ’© casi excelente,4
ğŸ˜ buen ritmo,4
actuaciones geniales,4
gran producciÃ³n,4
buen ritmo,4
ğŸ¬ emocionante,4
buen ritmo,4
gran producciÃ³n,4
emocionante,4
actuaciones geniales,4
recomendable,4
emocionante demasiado,4
emocionante en serio,4
gran producciÃ³n mucho,4
ğŸ¬ recomendable,4
recomendable,4
muy buena demasiado,4
gran producciÃ³n,4
ğŸ˜ emocionante,4
ğŸ”¥ casi excelente,4
buena historia,4
me gustÃ³ bastante,4
entretenida,4
buena historia,4
buen ritmo,4
buen ritmo,4
buena historia,4
ğŸ˜´ gran producciÃ³n,4
me gustÃ³ bastante en serio,4
muy buena,4
gran producciÃ³n,4
casi excelente,4
entretenida,4
ğŸ˜ recomendable,4
recomendable mucho,4
entretenida,4
ğŸ˜­ buena historia,4
gran producciÃ³n,4
muy buena,4
entretenida,4
me gustÃ³ bastante,4
ğŸ˜­ buena historia,4
buena historia de verdad,4
buena historia,4
recomendable posta,4
gran producciÃ³n mucho,4
buen ritmo,4
buena historia,4
muy buena,4
entretenida,4
ğŸ˜´ entretenida,4
actuaciones geniales,4
recomendable,4
muy buena,4
ğŸ˜´ muy buena,4
muy buena,4
emocionante,4
ğŸ¬ casi excelente,4
recomendable posta,4
buen ritmo,4
buena historia de verdad,4
buen ritmo demasiado,4
gran producciÃ³n,4
ğŸ˜´ buen ritmo,4
buen ritmo,4
ğŸ’© recomendable,4
ğŸ¬ me gustÃ³ bastante,4
ğŸ¬ muy buena,4
recomendable demasiado,4
me gustÃ³ bastante,4
gran producciÃ³n demasiado,4
ğŸ¬ me gustÃ³ bastante,4
ğŸ”¥ entretenida,4
muy buena,4
me gustÃ³ bastante demasiado,4
emocionante,4
entretenida,4
buen ritmo,4
emocionante,4
gran producciÃ³n,4
ğŸ˜´ gran producciÃ³n,4
muy buena posta,4
ğŸ”¥ actuaciones geniales,4
actuaciones geniales,4
casi excelente,4
gran producciÃ³n,4
muy buena,4
emocionante,4
buen ritmo,4
casi excelente,4
actuaciones geniales,4
emocionante,4
muy buena,4
ğŸ˜­ buena historia,4
me gustÃ³ bastante,4
ğŸ˜­ buena historia,4
ğŸ˜ gran producciÃ³n,4
actuaciones geniales posta,4
casi excelente en serio,4
ğŸ”¥ muy buena,4
recomendable,4
casi excelente,4
buen ritmo mal,4
casi excelente,4
casi excelente mal,4
actuaciones geniales,4
casi excelente,4
buena historia,4
gran producciÃ³n mal,4
ğŸ˜­ recomendable,4
me gustÃ³ bastante,4
actuaciones geniales mucho,4
buena historia,4
emocionante,4
me gustÃ³ bastante,4
emocionante de verdad,4
entretenida mal,4
buen ritmo,4
ğŸ’© me gustÃ³ bastante,4
ğŸ˜ buena historia,4
actuaciones geniales,4
casi excelente,4
buena historia posta,4
buena historia,4
me gustÃ³ bastante mucho,4
gran producciÃ³n,4
ğŸ¬ actuaciones geniales,4
gran producciÃ³n,4
ğŸ¬ buen ritmo,4
buen ritmo,4
actuaciones geniales,4
ğŸ˜´ entretenida,4
muy buena,4
me gustÃ³ bastante,4
muy buena demasiado,4
ğŸ¬ actuaciones geniales,4
muy buena,4
buen ritmo,4
buena historia,4
ğŸ”¥ actuaciones geniales,4
me gustÃ³ bastante,4
recomendable,4
muy buena,4
ğŸ˜ gran producciÃ³n,4
recomendable demasiado,4
ğŸ¬ buen ritmo,4
gran producciÃ³n posta,4
casi excelente,4
entretenida,4
ğŸ”¥ recomendable,4
ğŸ”¥ emocionante,4
buen ritmo,4
actuaciones geniales,4
ğŸ’© muy buena,4
buen ritmo,4
gran producciÃ³n en serio,4
ğŸ¬ gran producciÃ³n,4
ğŸ˜­ buen ritmo,4
ğŸ˜­ actuaciones geniales,4
ğŸ˜­ muy buena,4
entretenida,4
muy buena mucho,4
ğŸ˜´ buen ritmo,4
muy buena,4
buen ritmo,4
recomendable de verdad,4
ğŸ˜ recomendable,4
casi excelente,4
casi excelente,4
buena historia,4
entretenida,4
me gustÃ³ bastante demasiado,4
recomendable,4
entretenida,4
ğŸ˜´ actuaciones geniales,4
ğŸ¬ muy buena,4
ğŸ”¥ entretenida,4
recomendable,4
gran producciÃ³n mucho,4
buen ritmo,4
ğŸ”¥ recomendable,4
buena historia mucho,4
recomendable posta,4
emocionante en serio,4
buena historia posta,4
entretenida posta,4
ğŸ˜´ buen ritmo,4
casi excelente,4
gran producciÃ³n,4
buena historia,4
ğŸ˜´ entretenida,4
recomendable posta,4
emocionante,4
ğŸ”¥ casi excelente,4
casi excelente,4
buen ritmo,4
ğŸ’© buena historia,4
emocionante de verdad,4
ğŸ˜´ gran producciÃ³n,4
entretenida,4
buen ritmo,4
casi excelente,4
ğŸ˜­ actuaciones geniales,4
casi excelente,4
ğŸ¬ gran producciÃ³n,4
ğŸ”¥ buen ritmo,4
me gustÃ³ bastante posta,4
me gustÃ³ bastante,4
muy buena demasiado,4
actuaciones geniales,4
me gustÃ³ bastante mucho,4
me gustÃ³ bastante,4
me gustÃ³ bastante,4
ğŸ”¥ me gustÃ³ bastante,4
actuaciones geniales,4
actuaciones geniales de verdad,4
ğŸ˜´ buen ritmo,4
muy buena mal,4
muy buena,4
ğŸ’© emocionante,4
muy buena mal,4
ğŸ˜´ casi excelente,4
gran producciÃ³n,4
emocionante,4
muy buena,4
ğŸ˜­ actuaciones geniales,4
emocionante,4
casi excelente,4
ğŸ”¥ recomendable,4
ğŸ”¥ emocionante,4
buena historia,4
ğŸ˜ sin palabras,5
ğŸ¬ una joya,5
obra maestra,5
brillante,5
inolvidable posta,5
perfecta,5
inolvidable,5
sin palabras,5
ğŸ˜­ obra maestra,5
mega buena mal,5
ğŸ˜´ perfecta,5
brillante mucho,5
sin palabras mucho,5
la amÃ© en serio,5
de las mejores,5
ğŸ˜´ obra maestra,5
de las mejores en serio,5
ğŸ¬ de las mejores,5
sin palabras,5
ğŸ˜´ obra maestra,5
ğŸ˜­ una joya,5
ğŸ¬ la amÃ©,5
la amÃ©,5
una joya,5
obra maestra,5
ğŸ˜­ de las mejores,5
increÃ­ble demasiado,5
perfecta,5
inolvidable,5
de las mejores mucho,5
obra maestra posta,5
ğŸ˜­ inolvidable,5
obra maestra,5
sin palabras mal,5
la amÃ©,5
sin palabras,5
obra maestra de verdad,5
la amÃ©,5
increÃ­ble,5
ğŸ˜´ una joya,5
ğŸ”¥ obra maestra,5
increÃ­ble mal,5
sin palabras en serio,5
ğŸ¬ una joya,5
obra maestra demasiado,5
inolvidable mal,5
obra maestra,5
mega buena,5
ğŸ˜­ de las mejores,5
inolvidable,5
la amÃ©,5
inolvidable demasiado,5
perfecta,5
mega buena,5
una joya,5
obra maestra,5
brillante de verdad,5
una joya,5
inolvidable demasiado,5
brillante,5
ğŸ’© sin palabras,5
la amÃ©,5
la amÃ©,5
la amÃ© de verdad,5
ğŸ˜´ brillante,5
increÃ­ble,5
una joya,5
brillante,5
sin palabras,5
ğŸ’© sin palabras,5
inolvidable,5
una joya posta,5
perfecta,5
inolvidable,5
mega buena,5
brillante,5
sin palabras,5
sin palabras mucho,5
ğŸ¬ obra maestra,5
ğŸ˜´ una joya,5
mega buena,5
la amÃ©,5
perfecta mal,5
mega buena,5
la amÃ© mucho,5
de las mejores,5
perfecta mal,5
una joya,5
increÃ­ble,5
una joya,5
brillante,5
ğŸ˜­ increÃ­ble,5
brillante,5
perfecta,5
ğŸ”¥ perfecta,5
inolvidable,5
ğŸ˜ de las mejores,5
ğŸ˜ de las mejores,5
ğŸ’© una joya,5
inolvidable,5
ğŸ¬ la amÃ©,5
de las mejores mal,5
una joya,5
la amÃ©,5
perfecta,5
ğŸ”¥ mega buena,5
ğŸ”¥ la amÃ©,5
ğŸ”¥ increÃ­ble,5
brillante de verdad,5
ğŸ’© la amÃ©,5
inolvidable,5
de las mejores,5
ğŸ˜ sin palabras,5
inolvidable,5
sin palabras,5
perfecta en serio,5
perfecta,5
perfecta demasiado,5
obra maestra,5
increÃ­ble,5
una joya,5
de las mejores,5
una joya,5
perfecta,5
de las mejores en serio,5
inolvidable,5
brillante,5
ğŸ˜´ obra maestra,5
de las mejores,5
brillante demasiado,5
ğŸ˜­ perfecta,5
la amÃ©,5
mega buena,5
obra maestra mal,5
la amÃ©,5
ğŸ˜ perfecta,5
ğŸ˜ sin palabras,5
inolvidable mucho,5
mega buena,5
una joya de verdad,5
de las mejores posta,5
increÃ­ble,5
obra maestra mal,5
una joya mal,5
inolvidable,5
sin palabras,5
ğŸ¬ perfecta,5
ğŸ˜´ perfecta,5
la amÃ© mal,5
ğŸ˜­ increÃ­ble,5
una joya,5
ğŸ˜ de las mejores,5
mega buena en serio,5
ğŸ˜ una joya,5
ğŸ˜´ mega buena,5
ğŸ˜ la amÃ©,5
inolvidable posta,5
increÃ­ble,5
ğŸ¬ de las mejores,5
una joya,5
inolvidable mal,5
obra maestra,5
ğŸ’© brillante,5
de las mejores,5
una joya,5
ğŸ˜­ la amÃ©,5
obra maestra de verdad,5
ğŸ”¥ brillante,5
inolvidable,5
de las mejores,5
una joya posta,5
ğŸ˜´ perfecta,5
increÃ­ble de verdad,5
brillante,5
ğŸ˜ inolvidable,5
una joya,5
de las mejores,5
de las mejores,5
ğŸ”¥ increÃ­ble,5
brillante demasiado,5
sin palabras,5
ğŸ’© brillante,5
perfecta,5
la amÃ©,5
la amÃ©,5
de las mejores de verdad,5
la amÃ©,5
inolvidable,5
mega buena en serio,5
ğŸ˜ sin palabras,5
mega buena,5
sin palabras,5
obra maestra,5
mega buena posta,5
increÃ­ble posta,5
ğŸ˜­ brillante,5
ğŸ˜´ inolvidable,5
increÃ­ble en serio,5
mega buena,5
perfecta,5
increÃ­ble,5
ğŸ˜ mega buena,5
increÃ­ble mal,5
inolvidable,5
ğŸ˜­ la amÃ©,5
la amÃ© mal,5
ğŸ”¥ sin palabras,5
ğŸ’© brillante,5
ğŸ˜´ sin palabras,5
obra maestra demasiado,5
ğŸ˜´ una joya,5
ğŸ¬ una joya,5
obra maestra demasiado,5
ğŸ¬ sin palabras,5
la amÃ© de verdad,5
sin palabras,5
una joya,5
obra maestra mal,5
ğŸ’© una joya,5
ğŸ˜­ sin palabras,5
ğŸ˜ una joya,5
perfecta mucho,5
mega buena,5
increÃ­ble,5
mega buena,5
perfecta posta,5
perfecta,5
mega buena en serio,5
ğŸ”¥ de las mejores,5
increÃ­ble,5
mega buena posta,5
inolvidable,5
obra maestra,5
una joya,5
ğŸ˜­ de las mejores,5
obra maestra,5
ğŸ’© mega buena,5
ğŸ’© increÃ­ble,5
ğŸ˜´ inolvidable,5
ğŸ”¥ inolvidable,5
mega buena demasiado,5
brillante,5
la amÃ©,5
increÃ­ble,5
perfecta,5
brillante mucho,5
ğŸ¬ perfecta,5
obra maestra,5
la amÃ©,5
mega buena de verdad,5
brillante,5
increÃ­ble demasiado,5
ğŸ˜´ perfecta,5
sin palabras,5
brillante,5
perfecta,5
obra maestra posta,5
increÃ­ble,5
inolvidable,5
sin palabras,5
ğŸ’© sin palabras,5
de las mejores,5
inolvidable en serio,5
de las mejores,5
de las mejores,5
mega buena,5
ğŸ˜­ obra maestra,5
inolvidable,5
inolvidable mal,5
perfecta,5
obra maestra,5
inolvidable,5
mega buena,5
ğŸ’© una joya,5
perfecta,5
ğŸ”¥ perfecta,5
increÃ­ble mucho,5
perfecta,5
brillante en serio,5
una joya posta,5
obra maestra,5
inolvidable,5
brillante posta,5
una joya mal,5
una joya mal,5
brillante de verdad,5
inolvidable,5
brillante de verdad,5
brillante,5
perfecta,5
ğŸ˜ una joya,5
la amÃ©,5
una joya,5
increÃ­ble,5
una joya,5
ğŸ˜ brillante,5
sin palabras,5
ğŸ¬ la amÃ©,5
de las mejores en serio,5
ğŸ”¥ obra maestra,5
ğŸ˜´ la amÃ©,5
ğŸ˜­ perfecta,5
brillante,5
ğŸ˜ mega buena,5
mega buena mal,5
increÃ­ble,5
mega buena mal,5
perfecta,5
sin palabras,5
perfecta,5
ğŸ’© brillante,5
brillante demasiado,5
perfecta,5
mega buena,5
ğŸ”¥ una joya,5
ğŸ˜ perfecta,5
increÃ­ble,5
mega buena,5
perfecta,5
obra maestra,5
brillante,5
una joya posta,5
increÃ­ble,5
ğŸ’© obra maestra,5
mega buena,5
ğŸ’© increÃ­ble,5
sin palabras,5
brillante,5
brillante en serio,5
inolvidable posta,5
ğŸ”¥ de las mejores,5
ğŸ˜ increÃ­ble,5
inolvidable,5
ğŸ¬ una joya,5
ğŸ˜­ increÃ­ble,5
ğŸ˜´ inolvidable,5
de las mejores en serio,5
perfecta,5
ğŸ”¥ la amÃ©,5
ğŸ˜´ una joya,5
perfecta mal,5
una joya,5
ğŸ˜­ brillante,5
una joya,5
perfecta,5
una joya,5
perfecta,5
brillante,5
brillante,5
ğŸ”¥ increÃ­ble,5
mega buena,5
brillante,5
sin palabras,5
ğŸ˜­ brillante,5
sin palabras posta,5
perfecta,5
obra maestra demasiado,5
ğŸ”¥ obra maestra,5
ğŸ˜´ increÃ­ble,5
ğŸ¬ brillante,5
ğŸ˜´ increÃ­ble,5
obra maestra,5
ğŸ”¥ de las mejores,5
brillante,5
sin palabras demasiado,5
mega buena en serio,5
brillante mucho,5
brillante,5
mega buena,5
perfecta,5
sin palabras,5
ğŸ˜­ de las mejores,5
perfecta,5
perfecta,5
mega buena,5
increÃ­ble,5
perfecta,5
brillante,5
inolvidable,5
obra maestra,5
inolvidable mucho,5
ğŸ”¥ inolvidable,5
brillante,5
perfecta posta,5
inolvidable,5
brillante,5
ğŸ˜´ la amÃ©,5
increÃ­ble posta,5
perfecta posta,5
increÃ­ble,5
inolvidable en serio,5
perfecta,5
ğŸ˜­ de las mejores,5
increÃ­ble,5
ğŸ’© una joya,5
increÃ­ble,5
increÃ­ble,5
ğŸ”¥ mega buena,5
ğŸ’© obra maestra,5
ğŸ˜´ sin palabras,5
obra maestra,5
obra maestra,5
una joya,5
increÃ­ble,5
obra maestra,5
ğŸ¬ mega buena,5
de las mejores demasiado,5
sin palabras,5
perfecta,5
mega buena,5
ğŸ˜ inolvidable,5
mega buena,5
ğŸ’© brillante,5
ğŸ˜ obra maestra,5
obra maestra en serio,5
perfecta,5
una joya,5
de las mejores,5
obra maestra posta,5
ğŸ¬ brillante,5
ğŸ˜­ increÃ­ble,5
ğŸ˜­ de las mejores,5
increÃ­ble posta,5
obra maestra en serio,5
perfecta,5
ğŸ¬ sin palabras,5
ğŸ˜­ brillante,5
sin palabras mucho,5
ğŸ˜ mega buena,5
ğŸ˜­ brillante,5
una joya,5
obra maestra de verdad,5
ğŸ˜ inolvidable,5
perfecta posta,5
ğŸ”¥ inolvidable,5
perfecta,5
la amÃ©,5
de las mejores de verdad,5
mega buena posta,5
increÃ­ble,5
la amÃ©,5
inolvidable,5
mega buena en serio,5
increÃ­ble,5
increÃ­ble,5
increÃ­ble,5
perfecta,5
obra maestra,5
ğŸ˜­ inolvidable,5
ğŸ’© increÃ­ble,5
mega buena,5
mega buena,5
la amÃ©,5
ğŸ¬ obra maestra,5
increÃ­ble,5
ğŸ˜´ perfecta,5
ğŸ’© mega buena,5
una joya posta,5
una joya,5
mega buena,5
ğŸ’© obra maestra,5
increÃ­ble,5
ğŸ’© de las mejores,5
inolvidable,5
ğŸ˜´ obra maestra,5
ğŸ˜´ sin palabras,5
sin palabras,5
mega buena de verdad,5
la amÃ©,5
increÃ­ble en serio,5
ğŸ˜´ increÃ­ble,5
mega buena mucho,5
sin palabras,5
increÃ­ble,5
la amÃ©,5
brillante,5
perfecta,5
de las mejores,5
perfecta,5
perfecta,5
ğŸ˜­ la amÃ©,5
brillante,5
ğŸ¬ sin palabras,5
obra maestra,5
brillante,5
obra maestra,5
obra maestra,5
obra maestra,5
increÃ­ble,5
sin palabras,5
ğŸ’© de las mejores,5
ğŸ˜ inolvidable,5
obra maestra,5
perfecta,5
perfecta,5
ğŸ¬ sin palabras,5
sin palabras,5
increÃ­ble,5
increÃ­ble,5
de las mejores,5
una joya,5
sin palabras demasiado,5
una joya de verdad,5
ğŸ”¥ mega buena,5
obra maestra,5
ğŸ’© una joya,5
sin palabras,5
mega buena,5
sin palabras,5
inolvidable,5
inolvidable,5
mega buena,5
la amÃ©,5
sin palabras,5
sin palabras,5
perfecta,5
mega buena,5
una joya,5
ğŸ˜­ una joya,5
una joya,5
increÃ­ble,5
perfecta,5
ğŸ˜´ brillante,5
ğŸ”¥ una joya,5
inolvidable,5
de las mejores,5
ğŸ˜ brillante,5
sin palabras,5
ğŸ’© mega buena,5
de las mejores,5
la amÃ© mucho,5
perfecta,5
ğŸ˜´ una joya,5
ğŸ˜­ increÃ­ble,5
obra maestra posta,5
increÃ­ble,5
ğŸ˜´ brillante,5
ğŸ”¥ una joya,5
obra maestra,5
ğŸ˜´ inolvidable,5
perfecta,5
de las mejores,5
ğŸ˜´ de las mejores,5
ğŸ˜ mega buena,5
ğŸ’© sin palabras,5
la amÃ©,5
brillante,5
ğŸ”¥ obra maestra,5
una joya,5
brillante,5
ğŸ’© de las mejores,5
obra maestra de verdad,5
ğŸ¬ increÃ­ble,5
obra maestra,5
ğŸ’© perfecta,5
una joya mucho,5
mega buena,5
perfecta,5
ğŸ˜´ increÃ­ble,5
brillante mal,5
de las mejores,5
ğŸ”¥ una joya,5
ğŸ’© de las mejores,5
brillante,5
ğŸ˜­ inolvidable,5
sin palabras,5
increÃ­ble,5
ğŸ¬ sin palabras,5
ğŸ˜­ sin palabras,5
perfecta,5
increÃ­ble mucho,5
de las mejores,5
ğŸ˜ obra maestra,5
la amÃ© mucho,5
mega buena,5
obra maestra en serio,5
ğŸ˜­ sin palabras,5
perfecta,5
perfecta,5
brillante,5
inolvidable,5
inolvidable,5
obra maestra mal,5
perfecta,5
ğŸ¬ una joya,5
la amÃ©,5
increÃ­ble,5
increÃ­ble,5
ğŸ¬ la amÃ©,5
de las mejores mucho,5
sin palabras mucho,5
obra maestra,5
increÃ­ble,5
de las mejores mal,5
inolvidable demasiado,5
la amÃ© demasiado,5
ğŸ˜­ perfecta,5
brillante,5
la amÃ©,5
ğŸ˜ perfecta,5
ğŸ˜´ una joya,5
de las mejores posta,5
la amÃ©,5
de las mejores mucho,5
ğŸ’© sin palabras,5
sin palabras,5
una joya,5
ğŸ’© una joya,5
perfecta,5
mega buena mucho,5
ğŸ’© de las mejores,5
ğŸ˜­ sin palabras,5
ğŸ’© inolvidable,5
perfecta,5
la amÃ© mucho,5
inolvidable mucho,5
perfecta mucho,5
inolvidable mal,5
increÃ­ble posta,5
una joya,5
la amÃ© posta,5
ğŸ˜´ sin palabras,5
ğŸ”¥ inolvidable,5
ğŸ’© increÃ­ble,5
increÃ­ble,5
inolvidable,5
ğŸ’© increÃ­ble,5
sin palabras,5
sin palabras,5
mega buena demasiado,5
brillante,5
perfecta,5
inolvidable,5
increÃ­ble,5
inolvidable,5
obra maestra en serio,5
perfecta en serio,5
increÃ­ble,5
mega buena,5
una joya,5
sin palabras,5
mega buena,5
ğŸ¬ sin palabras,5
ğŸ¬ perfecta,5
la amÃ© mucho,5
de las mejores,5
mega buena,5
ğŸ”¥ increÃ­ble,5
una joya,5
ğŸ¬ la amÃ©,5
ğŸ”¥ brillante,5
ğŸ”¥ sin palabras,5
increÃ­ble de verdad,5
increÃ­ble,5
inolvidable,5
ğŸ˜´ obra maestra,5
sin palabras posta,5
inolvidable de verdad,5
la amÃ© de verdad,5
brillante,5
ğŸ”¥ obra maestra,5
increÃ­ble,5
obra maestra,5
mega buena,5
ğŸ’© sin palabras,5
ğŸ”¥ brillante,5
increÃ­ble,5
inolvidable,5
ğŸ’© brillante,5
ğŸ˜ increÃ­ble,5
ğŸ˜´ mega buena,5
ğŸ˜´ obra maestra,5
de las mejores,5
sin palabras,5
de las mejores,5
de las mejores,5
sin palabras,5
ğŸ˜´ sin palabras,5
obra maestra mucho,5
perfecta mal,5
sin palabras,5
perfecta,5
increÃ­ble,5
obra maestra,5
obra maestra,5
ğŸ”¥ increÃ­ble,5
ğŸ˜´ brillante,5
brillante,5
increÃ­ble,5
ğŸ”¥ mega buena,5
ğŸ’© una joya,5
perfecta,5
ğŸ¬ sin palabras,5
perfecta,5
mega buena,5
ğŸ¬ brillante,5
increÃ­ble,5
mega buena demasiado,5
ğŸ’© de las mejores,5
ğŸ˜ de las mejores,5
ğŸ˜´ perfecta,5
perfecta,5
inolvidable,5
de las mejores,5
brillante,5
de las mejores,5
una joya mal,5
perfecta,5
ğŸ”¥ la amÃ©,5
una joya posta,5
ğŸ’© mega buena,5
ğŸ˜ obra maestra,5
increÃ­ble,5
obra maestra,5
ğŸ’© increÃ­ble,5
obra maestra mal,5
ğŸ”¥ una joya,5
ğŸ˜­ brillante,5
brillante,5
perfecta,5
la amÃ©,5
perfecta,5
obra maestra,5
inolvidable mucho,5
ğŸ’© increÃ­ble,5
sin palabras,5
de las mejores,5
ğŸ˜ sin palabras,5
la amÃ© posta,5
ğŸ”¥ de las mejores,5
increÃ­ble de verdad,5
de las mejores,5
sin palabras,5
ğŸ˜ una joya,5
brillante,5
perfecta mal,5
ğŸ˜´ sin palabras,5
mega buena,5
ğŸ˜´ la amÃ©,5
sin palabras,5
ğŸ˜ increÃ­ble,5
obra maestra,5
inolvidable de verdad,5
una joya mucho,5
sin palabras demasiado,5
obra maestra posta,5
ğŸ¬ mega buena,5
perfecta posta,5
la amÃ© mucho,5
una joya,5
increÃ­ble,5
ğŸ˜ brillante,5
la amÃ©,5
ğŸ’© inolvidable,5
brillante demasiado,5
ğŸ˜ de las mejores,5
increÃ­ble en serio,5
obra maestra,5
perfecta,5
sin palabras,5
la amÃ© mal,5
obra maestra de verdad,5
inolvidable mal,5
ğŸ’© obra maestra,5
la amÃ©,5
ğŸ˜´ inolvidable,5
sin palabras,5
de las mejores,5
increÃ­ble,5
ğŸ”¥ perfecta,5
ğŸ’© perfecta,5
la amÃ©,5
brillante,5
perfecta,5
sin palabras,5
inolvidable posta,5
la amÃ©,5
ğŸ”¥ perfecta,5
increÃ­ble,5
la amÃ©,5
ğŸ’© sin palabras,5
perfecta,5
perfecta mucho,5
ğŸ¬ increÃ­ble,5
ğŸ˜´ de las mejores,5
de las mejores,5
ğŸ˜­ inolvidable,5
mega buena,5
ğŸ˜´ de las mejores,5
ğŸ’© mega buena,5
sin palabras,5
una joya,5
brillante,5
increÃ­ble,5
increÃ­ble,5
mega buena,5
ğŸ¬ inolvidable,5
mega buena mal,5
increÃ­ble,5
una joya mucho,5
ğŸ˜­ sin palabras,5
la amÃ©,5
brillante demasiado,5
ğŸ’© de las mejores,5
increÃ­ble,5
ğŸ˜­ perfecta,5
ğŸ˜´ increÃ­ble,5
una joya mal,5
ğŸ˜­ mega buena,5
ğŸ¬ la amÃ©,5
la amÃ©,5
increÃ­ble,5
la amÃ©,5
de las mejores posta,5
una joya posta,5
una joya,5
la amÃ© mal,5
ğŸ˜ perfecta,5
brillante,5
ğŸ’© inolvidable,5
perfecta,5
sin palabras,5
la amÃ©,5
inolvidable,5
una joya en serio,5
obra maestra,5
increÃ­ble,5
ğŸ˜´ perfecta,5
ğŸ˜ sin palabras,5
ğŸ”¥ sin palabras,5
inolvidable,5
una joya,5
brillante,5
Me encantÃ³,5
La amÃ©,5
Me fascinÃ³,5
Me gustÃ³ muchÃ­simo,5
Me pareciÃ³ excelente,5
Me maravillÃ³,5
Espectacular,5
IncreÃ­ble,5
Una maravilla,5
Me atrapÃ³ por completo,5
SÃºper buena,5
Una joya,5
Muy top,5
Altamente recomendable,5
Hermosa pelÃ­cula,5
Me llegÃ³ al corazÃ³n,5
